episode,reward,steps,success,loss,epsilon,fire_count,reason
1,144.90,3,1,0.000000,0.9980,1,reached_exit
2,-1012.00,300,0,2.023577,0.9960,39,max_steps_exceeded
3,-131.80,103,1,1.203660,0.9940,3,reached_exit
4,-1131.10,332,0,1.331296,0.9920,72,hit_fire
5,-675.80,200,0,0.951074,0.9900,9,max_steps_exceeded
6,-196.20,120,1,0.902783,0.9881,19,reached_exit
7,-147.30,37,0,0.882270,0.9861,1,hit_fire
8,-1645.60,458,0,0.941622,0.9841,47,hit_fire
9,-84.10,18,0,1.187197,0.9821,3,hit_fire
10,-628.10,200,0,0.951559,0.9802,7,max_steps_exceeded
11,-49.30,77,1,1.134648,0.9782,6,reached_exit
12,-189.20,61,0,0.936888,0.9763,4,hit_fire
13,-197.30,52,0,1.081537,0.9743,2,hit_fire
14,-1877.80,500,0,1.038114,0.9724,56,max_steps_exceeded
15,123.60,9,1,0.991008,0.9704,1,reached_exit
16,-684.30,200,0,0.965508,0.9685,13,max_steps_exceeded
17,-300.90,87,0,0.929915,0.9665,3,hit_fire
18,-297.80,88,0,0.990817,0.9646,9,hit_fire
19,-889.20,246,0,0.924399,0.9627,28,hit_fire
20,-1751.40,500,0,0.922942,0.9608,64,max_steps_exceeded
21,-1477.00,500,0,1.032555,0.9588,57,max_steps_exceeded
22,92.70,22,1,1.081562,0.9569,1,reached_exit
23,-67.80,61,1,1.036178,0.9550,3,reached_exit
24,130.00,14,1,0.872512,0.9531,1,reached_exit
25,-68.50,9,0,1.195318,0.9512,1,hit_fire
26,-1187.80,385,0,1.012338,0.9493,77,hit_fire
27,-655.20,200,0,1.092820,0.9474,14,max_steps_exceeded
28,-657.10,190,0,1.099209,0.9455,17,hit_fire
29,-1743.50,500,0,1.071843,0.9436,49,max_steps_exceeded
30,-734.70,200,0,1.054058,0.9417,7,max_steps_exceeded
31,-124.50,29,0,1.384983,0.9398,1,hit_fire
32,101.20,16,1,1.257774,0.9379,1,reached_exit
33,20.60,49,1,1.017704,0.9361,6,reached_exit
34,-1665.80,500,0,1.167900,0.9342,99,max_steps_exceeded
35,-1496.20,452,1,1.119190,0.9323,50,reached_exit
36,-1112.80,377,0,1.193100,0.9305,80,hit_fire
37,-473.10,140,0,1.308213,0.9286,6,hit_fire
38,-138.10,27,0,1.250873,0.9267,3,hit_fire
39,-206.30,56,0,1.168467,0.9249,6,hit_fire
40,-682.00,200,0,1.209688,0.9230,14,max_steps_exceeded
41,-979.10,300,0,1.224301,0.9212,50,max_steps_exceeded
42,-2097.50,500,0,1.118209,0.9194,72,max_steps_exceeded
43,-1310.40,500,0,1.163987,0.9175,67,max_steps_exceeded
44,-680.00,200,0,1.119837,0.9157,12,max_steps_exceeded
45,-1169.70,406,0,1.144385,0.9138,73,hit_fire
46,-1632.90,416,0,1.088929,0.9120,40,hit_fire
47,-1810.80,500,0,1.098283,0.9102,63,max_steps_exceeded
48,-1859.40,500,0,1.078075,0.9084,53,max_steps_exceeded
49,-981.10,280,0,1.149858,0.9066,28,hit_fire
50,110.20,24,1,1.045674,0.9047,2,reached_exit
51,-1605.70,500,0,1.126055,0.9029,114,max_steps_exceeded
52,-566.80,226,0,1.159860,0.9011,14,hit_fire
53,-704.00,200,0,1.087157,0.8993,8,max_steps_exceeded
54,-372.10,168,1,1.215776,0.8975,20,reached_exit
55,-217.90,63,0,1.155922,0.8957,9,hit_fire
56,59.20,49,1,1.263334,0.8939,4,reached_exit
57,-824.30,222,0,1.093280,0.8922,41,hit_fire
58,-1650.60,500,0,1.219973,0.8904,59,max_steps_exceeded
59,-1706.10,500,0,1.123856,0.8886,34,max_steps_exceeded
60,-284.50,95,0,1.069474,0.8868,10,hit_fire
61,-96.40,92,1,1.329860,0.8850,10,reached_exit
62,-121.70,30,0,1.158617,0.8833,3,hit_fire
63,-1121.80,300,0,1.209372,0.8815,28,max_steps_exceeded
64,-1669.20,490,0,1.199450,0.8797,44,hit_fire
65,-687.40,200,0,1.195857,0.8780,14,max_steps_exceeded
66,-1059.30,300,0,1.213057,0.8762,26,max_steps_exceeded
67,140.00,3,1,1.729842,0.8745,1,reached_exit
68,-987.00,300,0,1.183850,0.8727,30,max_steps_exceeded
69,-291.50,79,0,1.375333,0.8710,9,hit_fire
70,-1646.70,500,0,1.136024,0.8692,83,max_steps_exceeded
71,-166.80,51,0,1.187977,0.8675,4,hit_fire
72,-1031.20,273,0,1.211526,0.8658,24,hit_fire
73,-1391.90,500,0,1.158785,0.8640,90,max_steps_exceeded
74,-1524.50,500,0,1.098332,0.8623,66,max_steps_exceeded
75,-66.10,15,0,1.101005,0.8606,2,hit_fire
76,-1705.80,500,0,1.120544,0.8589,58,max_steps_exceeded
77,-208.10,65,0,1.116306,0.8571,4,hit_fire
78,-703.40,200,0,1.067786,0.8554,12,max_steps_exceeded
79,150.00,1,1,0.917163,0.8537,1,reached_exit
80,-279.80,63,0,1.070460,0.8520,6,hit_fire
81,-122.40,37,0,1.250325,0.8503,4,hit_fire
82,-699.80,208,0,1.171369,0.8486,21,hit_fire
83,-2029.90,500,0,1.170411,0.8469,38,max_steps_exceeded
84,-753.80,200,0,1.164028,0.8452,11,max_steps_exceeded
85,-625.80,200,0,1.128972,0.8435,9,max_steps_exceeded
86,-300.90,92,0,1.114334,0.8418,2,hit_fire
87,-52.10,3,0,1.086942,0.8402,1,hit_fire
88,-1589.40,500,0,1.107998,0.8385,92,max_steps_exceeded
89,-984.30,300,0,1.123588,0.8368,33,max_steps_exceeded
90,-634.20,200,0,0.992212,0.8351,10,max_steps_exceeded
91,-1617.20,500,0,1.135701,0.8334,43,max_steps_exceeded
92,-139.60,31,0,1.080294,0.8318,1,hit_fire
93,-933.40,300,0,1.139454,0.8301,43,max_steps_exceeded
94,-1666.40,500,0,1.183935,0.8285,96,max_steps_exceeded
95,-648.90,200,0,1.122524,0.8268,15,max_steps_exceeded
96,-2103.40,500,0,1.104064,0.8251,84,max_steps_exceeded
97,-156.10,46,0,1.117925,0.8235,4,hit_fire
98,-1744.00,500,0,1.116061,0.8219,51,max_steps_exceeded
99,-59.40,7,0,0.839338,0.8202,1,hit_fire
100,88.20,18,1,0.956663,0.8186,1,reached_exit
101,127.20,13,1,1.462357,0.8169,1,reached_exit
102,-396.00,178,1,1.175044,0.8153,9,reached_exit
103,97.90,26,1,1.332079,0.8137,1,reached_exit
104,-115.90,22,0,1.341533,0.8120,2,hit_fire
105,-402.40,110,0,1.237739,0.8104,9,hit_fire
106,142.30,9,1,1.605884,0.8088,1,reached_exit
107,-123.30,43,0,1.356130,0.8072,3,hit_fire
108,-86.50,12,0,1.095995,0.8056,1,hit_fire
109,-238.30,69,0,1.350772,0.8039,7,hit_fire
110,-669.10,200,0,1.194064,0.8023,9,max_steps_exceeded
111,-738.50,200,0,1.290421,0.8007,12,max_steps_exceeded
112,-141.30,44,0,1.090321,0.7991,4,hit_fire
113,-675.60,200,0,1.217788,0.7975,8,max_steps_exceeded
114,-1099.30,330,0,1.227074,0.7959,43,hit_fire
115,-1607.50,485,1,1.228473,0.7944,42,reached_exit
116,-48.90,75,1,1.173649,0.7928,9,reached_exit
117,-944.10,256,0,1.247825,0.7912,30,hit_fire
118,-1118.00,433,1,1.221517,0.7896,66,reached_exit
119,-1825.90,500,0,1.178494,0.7880,71,max_steps_exceeded
120,-1415.90,497,0,1.261079,0.7864,115,hit_fire
121,-573.60,161,0,1.255260,0.7849,18,hit_fire
122,-522.70,153,0,1.332093,0.7833,27,hit_fire
123,-634.70,200,0,1.234495,0.7817,12,max_steps_exceeded
124,126.60,18,1,1.206081,0.7802,2,reached_exit
125,-69.90,13,0,1.083428,0.7786,2,hit_fire
126,-1703.50,500,0,1.226139,0.7770,78,max_steps_exceeded
127,-1067.50,300,0,1.253723,0.7755,24,max_steps_exceeded
128,-791.20,221,0,1.231551,0.7739,18,hit_fire
129,-830.90,300,0,1.293331,0.7724,25,max_steps_exceeded
130,-67.20,80,1,1.163400,0.7709,6,reached_exit
131,-327.30,87,0,1.228258,0.7693,9,hit_fire
132,-128.50,111,1,1.279520,0.7678,7,reached_exit
133,-1358.80,455,0,1.251407,0.7662,82,hit_fire
134,-1412.00,500,0,1.220221,0.7647,72,max_steps_exceeded
135,118.40,12,1,1.107195,0.7632,2,reached_exit
136,127.70,16,1,1.268884,0.7616,1,reached_exit
137,-964.60,300,0,1.278272,0.7601,38,max_steps_exceeded
138,-532.30,172,0,1.283029,0.7586,12,hit_fire
139,-1466.40,500,0,1.266677,0.7571,121,max_steps_exceeded
140,-13.60,73,1,1.317074,0.7556,3,reached_exit
141,-657.60,200,0,1.339981,0.7541,8,max_steps_exceeded
142,114.40,21,1,1.521749,0.7526,1,reached_exit
143,-892.80,219,0,1.326343,0.7510,20,hit_fire
144,-1033.10,306,0,1.332606,0.7495,35,hit_fire
145,-948.30,300,0,1.264437,0.7480,20,max_steps_exceeded
146,144.90,3,1,0.971948,0.7466,1,reached_exit
147,-681.20,200,0,1.327919,0.7451,7,max_steps_exceeded
148,-652.30,200,0,1.296227,0.7436,13,max_steps_exceeded
149,145.00,2,1,0.870945,0.7421,1,reached_exit
150,39.80,50,1,1.186809,0.7406,3,reached_exit
151,-740.00,200,0,1.395781,0.7391,15,max_steps_exceeded
152,-111.60,19,0,1.105060,0.7376,2,hit_fire
153,-1021.10,300,0,1.304236,0.7362,36,max_steps_exceeded
154,-862.00,227,0,1.324407,0.7347,35,hit_fire
155,-577.10,289,1,1.303786,0.7332,57,reached_exit
156,-598.60,189,0,1.331881,0.7318,21,hit_fire
157,-734.60,326,1,1.305193,0.7303,40,reached_exit
158,-1593.90,500,0,1.327787,0.7288,35,max_steps_exceeded
159,-103.80,26,0,1.260152,0.7274,1,hit_fire
160,-113.10,32,0,1.260583,0.7259,2,hit_fire
161,-16.30,68,1,1.389178,0.7245,4,reached_exit
162,-85.70,14,0,1.211312,0.7230,4,hit_fire
163,48.10,42,1,1.251004,0.7216,2,reached_exit
164,-60.70,10,0,1.745656,0.7201,1,hit_fire
165,-286.40,165,1,1.367495,0.7187,16,reached_exit
166,-955.50,300,0,1.344710,0.7172,34,max_steps_exceeded
167,-246.10,187,1,1.405355,0.7158,37,reached_exit
168,-673.90,190,0,1.413568,0.7144,9,hit_fire
169,-1581.80,500,0,1.371722,0.7130,37,max_steps_exceeded
170,-763.60,200,0,1.287213,0.7115,8,max_steps_exceeded
171,-1505.40,500,0,1.427573,0.7101,160,max_steps_exceeded
172,86.80,33,1,1.576760,0.7087,4,reached_exit
173,-235.00,154,1,1.409053,0.7073,16,reached_exit
174,-598.90,181,0,1.421621,0.7059,25,hit_fire
175,-652.10,200,0,1.378489,0.7044,7,max_steps_exceeded
176,82.50,34,1,1.313623,0.7030,5,reached_exit
177,71.60,35,1,1.473212,0.7016,3,reached_exit
178,-674.10,200,0,1.376719,0.7002,8,max_steps_exceeded
179,-282.90,90,0,1.377599,0.6988,6,hit_fire
180,-1369.70,500,0,1.394828,0.6974,96,max_steps_exceeded
181,108.60,21,1,1.588137,0.6960,1,reached_exit
182,-233.50,130,1,1.385053,0.6946,18,reached_exit
183,-53.20,4,0,1.715621,0.6932,2,hit_fire
184,-1658.20,500,0,1.519003,0.6919,54,max_steps_exceeded
185,-621.60,187,0,1.515001,0.6905,9,hit_fire
186,-1543.70,500,0,1.416428,0.6891,124,max_steps_exceeded
187,-1534.10,500,0,1.496480,0.6877,95,max_steps_exceeded
188,-300.20,91,0,1.627764,0.6863,11,hit_fire
189,-449.30,192,1,1.508561,0.6850,15,reached_exit
190,-117.40,100,1,1.409384,0.6836,10,reached_exit
191,149.60,5,1,2.303058,0.6822,1,reached_exit
192,-51.70,8,0,1.284696,0.6809,1,hit_fire
193,-1317.30,500,0,1.504072,0.6795,78,max_steps_exceeded
194,-1404.50,398,0,1.470488,0.6781,53,hit_fire
195,-259.10,123,1,1.438021,0.6768,11,reached_exit
196,-674.90,200,0,1.559909,0.6754,10,max_steps_exceeded
197,-653.60,200,0,1.420169,0.6741,11,max_steps_exceeded
198,-167.40,90,1,1.500915,0.6727,2,reached_exit
199,-143.60,95,1,1.414443,0.6714,5,reached_exit
200,-1056.60,300,0,1.436925,0.6701,20,max_steps_exceeded
201,70.40,37,1,1.340475,0.6687,3,reached_exit
202,-54.30,5,0,2.082101,0.6674,1,hit_fire
203,-762.80,204,0,1.434005,0.6660,19,hit_fire
204,-1009.80,300,0,1.484848,0.6647,19,max_steps_exceeded
205,-699.70,265,1,1.486437,0.6634,31,reached_exit
206,-807.30,213,0,1.568568,0.6621,20,hit_fire
207,-55.00,2,0,1.179671,0.6607,1,hit_fire
208,-50.00,1,0,3.870317,0.6594,1,hit_fire
209,-1011.10,300,0,1.494166,0.6581,29,max_steps_exceeded
210,49.60,49,1,1.561178,0.6568,2,reached_exit
211,-678.80,200,0,1.618510,0.6555,6,max_steps_exceeded
212,-1822.00,500,0,1.576254,0.6541,63,max_steps_exceeded
213,-975.00,300,0,1.504616,0.6528,39,max_steps_exceeded
214,-1644.60,500,0,1.566079,0.6515,87,max_steps_exceeded
215,-1057.20,300,0,1.508758,0.6502,37,max_steps_exceeded
216,130.40,10,1,1.290839,0.6489,1,reached_exit
217,-126.90,23,0,1.449182,0.6476,2,hit_fire
218,-1001.90,300,0,1.507599,0.6463,25,max_steps_exceeded
219,102.20,26,1,1.419230,0.6450,1,reached_exit
220,-1805.90,500,0,1.530060,0.6438,38,max_steps_exceeded
221,-103.50,99,1,1.395470,0.6425,4,reached_exit
222,-124.10,74,1,1.490046,0.6412,5,reached_exit
223,-222.70,68,0,1.589177,0.6399,5,hit_fire
224,-1687.00,500,0,1.526786,0.6386,55,max_steps_exceeded
225,-102.60,69,1,1.556917,0.6373,9,reached_exit
226,-229.10,129,1,1.561607,0.6361,14,reached_exit
227,-50.00,1,0,1.179780,0.6348,1,hit_fire
228,-1668.50,500,0,1.637292,0.6335,74,max_steps_exceeded
229,-63.20,6,0,1.883632,0.6323,2,hit_fire
230,-1758.30,500,0,1.631868,0.6310,106,max_steps_exceeded
231,-73.10,7,0,1.174979,0.6297,1,hit_fire
232,-62.40,8,0,1.188570,0.6285,1,hit_fire
233,-1328.20,371,0,1.467100,0.6272,38,hit_fire
234,131.90,14,1,1.289679,0.6260,2,reached_exit
235,103.40,24,1,1.845416,0.6247,1,reached_exit
236,110.60,21,1,1.508020,0.6235,1,reached_exit
237,-1609.50,500,0,1.451654,0.6222,76,max_steps_exceeded
238,-1510.80,500,0,1.510316,0.6210,126,max_steps_exceeded
239,-192.60,71,0,1.546817,0.6197,8,hit_fire
240,-647.80,200,0,1.495755,0.6185,7,max_steps_exceeded
241,-513.90,235,1,1.591957,0.6172,28,reached_exit
242,-74.20,18,0,1.712573,0.6160,1,hit_fire
243,-654.10,200,0,1.566360,0.6148,13,max_steps_exceeded
244,-500.70,189,1,1.555919,0.6136,21,reached_exit
245,-51.70,8,0,1.872434,0.6123,1,hit_fire
246,-742.40,242,0,1.539320,0.6111,14,hit_fire
247,-1514.50,500,0,1.548301,0.6099,96,max_steps_exceeded
248,-6.10,63,1,1.605058,0.6087,5,reached_exit
249,-196.50,102,1,1.609562,0.6074,5,reached_exit
250,-50.10,2,0,1.244189,0.6062,1,hit_fire
251,-309.80,84,0,1.561636,0.6050,8,hit_fire
252,149.60,5,1,1.517549,0.6038,1,reached_exit
253,143.30,9,1,2.498716,0.6026,1,reached_exit
254,139.10,12,1,1.553249,0.6014,4,reached_exit
255,-322.10,108,0,1.536824,0.6002,7,hit_fire
256,-29.00,55,1,1.745293,0.5990,7,reached_exit
257,139.00,22,1,1.487131,0.5978,2,reached_exit
258,-426.50,123,0,1.592349,0.5966,8,hit_fire
259,-1023.70,300,0,1.645024,0.5954,40,max_steps_exceeded
260,105.60,29,1,1.732673,0.5942,2,reached_exit
261,-1055.20,377,0,1.627035,0.5930,54,hit_fire
262,-146.90,99,1,1.525540,0.5918,6,reached_exit
263,-987.30,442,0,1.634358,0.5907,89,hit_fire
264,-234.30,70,0,1.788488,0.5895,4,hit_fire
265,-1363.20,500,0,1.591360,0.5883,63,max_steps_exceeded
266,-1098.60,382,0,1.636685,0.5871,57,hit_fire
267,-112.90,37,0,1.506329,0.5859,2,hit_fire
268,-85.00,16,0,1.477196,0.5848,3,hit_fire
269,-921.60,300,0,1.663529,0.5836,19,max_steps_exceeded
270,-1802.20,500,0,1.612378,0.5824,86,max_steps_exceeded
271,-885.80,300,0,1.646757,0.5813,26,max_steps_exceeded
272,-688.80,247,1,1.626944,0.5801,26,reached_exit
273,-654.60,155,0,1.632050,0.5789,17,hit_fire
274,-407.60,183,1,1.629213,0.5778,8,reached_exit
275,-602.80,200,0,1.538409,0.5766,32,max_steps_exceeded
276,-1440.10,500,0,1.593264,0.5755,66,max_steps_exceeded
277,110.30,15,1,1.479883,0.5743,2,reached_exit
278,-664.50,200,0,1.598492,0.5732,8,max_steps_exceeded
279,24.80,50,1,1.467166,0.5720,2,reached_exit
280,-263.80,124,1,1.535834,0.5709,9,reached_exit
281,-190.70,63,0,1.394968,0.5697,6,hit_fire
282,-759.20,297,0,1.607941,0.5686,56,hit_fire
283,-910.80,300,0,1.609211,0.5675,35,max_steps_exceeded
284,-860.80,300,0,1.570107,0.5663,15,max_steps_exceeded
285,-1392.70,500,0,1.576515,0.5652,93,max_steps_exceeded
286,-723.10,282,1,1.545200,0.5641,31,reached_exit
287,-1591.80,500,0,1.670130,0.5629,57,max_steps_exceeded
288,-683.70,200,0,1.570020,0.5618,6,max_steps_exceeded
289,-460.30,140,0,1.501607,0.5607,7,hit_fire
290,-1247.40,500,0,1.598616,0.5596,119,max_steps_exceeded
291,111.40,19,1,1.389884,0.5585,2,reached_exit
292,-1781.10,500,0,1.548034,0.5573,88,max_steps_exceeded
293,-366.40,175,1,1.550738,0.5562,6,reached_exit
294,-1572.50,500,0,1.542417,0.5551,37,max_steps_exceeded
295,-1452.40,429,0,1.525975,0.5540,34,hit_fire
296,135.00,4,1,1.315702,0.5529,1,reached_exit
297,-1517.10,500,0,1.651376,0.5518,92,max_steps_exceeded
298,139.80,5,1,1.154809,0.5507,1,reached_exit
299,-679.10,224,0,1.459178,0.5496,28,hit_fire
300,-1582.80,500,0,1.532148,0.5485,74,max_steps_exceeded
301,72.20,37,1,1.427715,0.5474,1,reached_exit
302,-664.40,200,0,1.557356,0.5463,11,max_steps_exceeded
303,-415.50,144,0,1.493871,0.5452,19,hit_fire
304,-656.40,200,0,1.492476,0.5441,8,max_steps_exceeded
305,-197.90,74,0,1.506573,0.5430,5,hit_fire
306,-229.70,154,1,1.599143,0.5419,24,reached_exit
307,-1196.20,370,0,1.640899,0.5408,24,hit_fire
308,-113.40,44,0,1.555549,0.5398,3,hit_fire
309,-200.30,69,0,1.739099,0.5387,6,hit_fire
310,-884.70,300,0,1.569491,0.5376,26,max_steps_exceeded
311,-574.60,200,0,1.570224,0.5365,7,max_steps_exceeded
312,-638.60,200,0,1.566686,0.5355,9,max_steps_exceeded
313,-20.30,72,1,1.593845,0.5344,9,reached_exit
314,-219.90,69,0,1.764449,0.5333,2,hit_fire
315,-1668.70,500,0,1.633398,0.5323,64,max_steps_exceeded
316,-786.50,272,0,1.517664,0.5312,54,hit_fire
317,-1013.90,361,0,1.623756,0.5301,53,hit_fire
318,101.70,21,1,1.420582,0.5291,6,reached_exit
319,-211.30,127,1,1.618199,0.5280,13,reached_exit
320,-675.30,200,0,1.580604,0.5270,9,max_steps_exceeded
321,-656.60,200,0,1.604979,0.5259,9,max_steps_exceeded
322,149.90,2,1,1.564273,0.5248,1,reached_exit
323,-276.50,180,1,1.599368,0.5238,12,reached_exit
324,-590.10,200,0,1.579189,0.5228,8,max_steps_exceeded
325,-875.80,300,0,1.629969,0.5217,12,max_steps_exceeded
326,-1162.50,387,0,1.550488,0.5207,56,hit_fire
327,79.10,22,1,1.435778,0.5196,1,reached_exit
328,-2171.60,500,0,1.549035,0.5186,114,max_steps_exceeded
329,136.60,7,1,2.261390,0.5175,1,reached_exit
330,137.70,6,1,1.358331,0.5165,1,reached_exit
331,51.10,44,1,1.628485,0.5155,1,reached_exit
332,-1273.10,382,0,1.631785,0.5144,81,hit_fire
333,96.20,25,1,1.622318,0.5134,2,reached_exit
334,139.60,6,1,1.472499,0.5124,1,reached_exit
335,-1490.50,500,0,1.635801,0.5114,103,max_steps_exceeded
336,-1101.50,300,0,1.615614,0.5103,27,max_steps_exceeded
337,-187.70,132,1,1.783715,0.5093,17,reached_exit
338,-116.20,42,0,1.767759,0.5083,2,hit_fire
339,-482.30,149,0,1.710168,0.5073,33,hit_fire
340,-372.30,187,1,1.729150,0.5063,14,reached_exit
341,144.60,6,1,1.428531,0.5053,1,reached_exit
342,-1212.80,332,0,1.670818,0.5042,30,hit_fire
343,143.30,9,1,1.724951,0.5032,1,reached_exit
344,-584.80,200,0,1.726243,0.5022,6,max_steps_exceeded
345,-588.60,200,0,1.707080,0.5012,9,max_steps_exceeded
346,-746.70,211,0,1.717349,0.5002,30,hit_fire
347,-177.90,111,1,1.654489,0.4992,16,reached_exit
348,-565.60,200,0,1.724960,0.4982,15,max_steps_exceeded
349,-1541.30,479,0,1.689438,0.4972,91,hit_fire
350,-1357.00,500,0,1.702665,0.4962,65,max_steps_exceeded
351,-663.20,200,0,1.846416,0.4952,3,max_steps_exceeded
352,-235.60,158,1,1.712363,0.4943,7,reached_exit
353,-622.70,200,0,1.759285,0.4933,10,max_steps_exceeded
354,-119.90,37,0,1.735884,0.4923,1,hit_fire
355,-52.10,3,0,2.015895,0.4913,1,hit_fire
356,121.10,13,1,1.424757,0.4903,1,reached_exit
357,-1363.80,500,0,1.723372,0.4893,84,max_steps_exceeded
358,-462.90,129,0,1.691418,0.4884,16,hit_fire
359,139.30,10,1,1.447722,0.4874,2,reached_exit
360,150.00,1,1,1.456454,0.4864,1,reached_exit
361,-638.10,200,0,1.732909,0.4854,12,max_steps_exceeded
362,-1473.90,500,0,1.623544,0.4845,100,max_steps_exceeded
363,-1533.20,500,0,1.711873,0.4835,112,max_steps_exceeded
364,-1076.00,428,0,1.620283,0.4825,74,hit_fire
365,-632.70,200,0,1.660767,0.4816,4,max_steps_exceeded
366,-1320.80,500,0,1.696726,0.4806,92,max_steps_exceeded
367,-1369.70,500,0,1.609531,0.4796,105,max_steps_exceeded
368,-1623.70,500,0,1.618789,0.4787,49,max_steps_exceeded
369,-1598.70,500,0,1.656072,0.4777,87,max_steps_exceeded
370,-161.20,43,0,1.660417,0.4768,2,hit_fire
371,-1398.60,500,0,1.681413,0.4758,79,max_steps_exceeded
372,119.70,10,1,1.667521,0.4749,1,reached_exit
373,140.80,13,1,1.918446,0.4739,1,reached_exit
374,-1729.60,500,0,1.683517,0.4730,36,max_steps_exceeded
375,-971.00,300,0,1.634677,0.4720,40,max_steps_exceeded
376,-1390.90,500,0,1.644076,0.4711,45,max_steps_exceeded
377,75.20,45,1,1.802954,0.4701,3,reached_exit
378,-19.10,77,1,1.636742,0.4692,3,reached_exit
379,-92.30,22,0,1.506766,0.4682,1,hit_fire
380,-23.40,76,1,1.749937,0.4673,3,reached_exit
381,-621.40,279,1,1.714592,0.4664,28,reached_exit
382,144.90,3,1,1.628687,0.4654,1,reached_exit
383,-146.80,62,0,1.752836,0.4645,4,hit_fire
384,-737.90,200,0,1.840197,0.4636,8,max_steps_exceeded
385,-1392.40,500,0,1.747496,0.4627,81,max_steps_exceeded
386,-1315.90,500,0,1.730588,0.4617,109,max_steps_exceeded
387,-40.30,76,1,1.840196,0.4608,8,reached_exit
388,-1004.80,296,0,1.759662,0.4599,16,hit_fire
389,-229.80,127,1,1.804537,0.4590,6,reached_exit
390,-266.10,137,1,1.613928,0.4580,7,reached_exit
391,-218.00,141,1,1.766307,0.4571,4,reached_exit
392,-690.60,200,0,1.815470,0.4562,11,max_steps_exceeded
393,3.20,58,1,1.807192,0.4553,1,reached_exit
394,129.80,25,1,2.109489,0.4544,4,reached_exit
395,37.70,41,1,1.736183,0.4535,7,reached_exit
396,-1488.90,500,0,1.790852,0.4526,115,max_steps_exceeded
397,-2010.80,500,0,1.754541,0.4517,47,max_steps_exceeded
398,-520.80,238,1,1.796806,0.4508,14,reached_exit
399,-186.60,150,1,1.742996,0.4499,1,reached_exit
400,-594.90,260,1,1.732913,0.4490,30,reached_exit
401,-1937.00,500,0,1.876114,0.4481,60,max_steps_exceeded
402,144.90,3,1,2.388526,0.4472,1,reached_exit
403,123.50,21,1,1.701188,0.4463,2,reached_exit
404,-55.00,2,0,1.488611,0.4454,1,hit_fire
405,-1002.40,300,0,1.877444,0.4445,30,max_steps_exceeded
406,40.90,43,1,1.969475,0.4436,1,reached_exit
407,-1078.40,500,0,1.817176,0.4427,82,max_steps_exceeded
408,68.30,39,1,1.927675,0.4418,1,reached_exit
409,-53.80,84,1,1.828734,0.4410,5,reached_exit
410,-1692.40,500,0,1.843923,0.4401,36,max_steps_exceeded
411,-55.50,7,0,2.347415,0.4392,1,hit_fire
412,97.00,38,1,1.896928,0.4383,6,reached_exit
413,-102.90,81,1,1.746917,0.4374,2,reached_exit
414,115.20,24,1,1.887441,0.4366,2,reached_exit
415,-1576.60,360,0,1.818790,0.4357,32,hit_fire
416,-1420.80,423,0,1.799661,0.4348,97,hit_fire
417,149.80,3,1,1.271899,0.4339,2,reached_exit
418,142.50,16,1,1.827644,0.4331,1,reached_exit
419,127.60,10,1,2.033359,0.4322,2,reached_exit
420,126.30,21,1,1.966991,0.4313,3,reached_exit
421,-1358.10,500,0,1.894490,0.4305,97,max_steps_exceeded
422,-50.30,4,0,1.696039,0.4296,1,hit_fire
423,-160.80,62,0,1.816880,0.4288,4,hit_fire
424,-305.70,137,1,2.018639,0.4279,5,reached_exit
425,-607.70,256,0,1.847714,0.4271,49,hit_fire
426,-111.70,20,0,2.128523,0.4262,2,hit_fire
427,-527.00,175,0,1.853705,0.4253,36,hit_fire
428,-1640.30,500,0,1.839368,0.4245,87,max_steps_exceeded
429,148.60,5,1,2.866618,0.4236,1,reached_exit
430,-717.80,316,1,1.836378,0.4228,38,reached_exit
431,130.70,17,1,1.768511,0.4220,2,reached_exit
432,134.30,19,1,1.725779,0.4211,2,reached_exit
433,-34.60,65,1,1.979069,0.4203,5,reached_exit
434,-111.90,21,0,2.184752,0.4194,1,hit_fire
435,-932.40,363,0,1.909780,0.4186,57,hit_fire
436,-1235.30,500,0,1.902064,0.4177,91,max_steps_exceeded
437,-633.20,200,0,1.935076,0.4169,2,max_steps_exceeded
438,104.40,28,1,1.979144,0.4161,2,reached_exit
439,-1060.20,300,0,1.890534,0.4152,32,max_steps_exceeded
440,-956.20,300,0,1.917205,0.4144,31,max_steps_exceeded
441,143.40,18,1,1.774731,0.4136,2,reached_exit
442,-29.70,62,1,1.877817,0.4128,1,reached_exit
443,97.20,27,1,2.023082,0.4119,2,reached_exit
444,103.70,29,1,2.080669,0.4111,3,reached_exit
445,-998.90,300,0,1.852630,0.4103,15,max_steps_exceeded
446,-1705.90,500,0,1.977567,0.4095,68,max_steps_exceeded
447,132.60,18,1,2.236376,0.4087,2,reached_exit
448,-665.40,207,0,2.016568,0.4078,10,hit_fire
449,-644.90,315,1,2.008185,0.4070,76,reached_exit
450,-1643.50,500,0,1.887025,0.4062,62,max_steps_exceeded
451,-1834.20,500,0,1.975587,0.4054,68,max_steps_exceeded
452,128.90,15,1,2.119421,0.4046,1,reached_exit
453,112.80,28,1,2.071855,0.4038,1,reached_exit
454,108.70,28,1,2.027097,0.4030,2,reached_exit
455,-331.90,160,1,2.014663,0.4022,10,reached_exit
456,-81.10,18,0,2.022543,0.4014,1,hit_fire
457,-50.30,4,0,1.568579,0.4006,1,hit_fire
458,-1845.10,469,0,1.990714,0.3997,61,hit_fire
459,-1023.20,300,0,2.041324,0.3989,46,max_steps_exceeded
460,68.30,44,1,1.835387,0.3982,4,reached_exit
461,-990.00,300,0,2.032334,0.3974,28,max_steps_exceeded
462,122.00,14,1,1.775741,0.3966,1,reached_exit
463,144.40,8,1,1.681999,0.3958,2,reached_exit
464,107.90,26,1,1.935180,0.3950,3,reached_exit
465,114.50,38,1,2.286257,0.3942,2,reached_exit
466,-457.70,128,0,2.063933,0.3934,8,hit_fire
467,-1139.70,370,0,2.027464,0.3926,62,hit_fire
468,-1164.30,335,0,2.037211,0.3918,55,hit_fire
469,-52.10,3,0,2.346061,0.3910,1,hit_fire
470,-1084.30,300,0,1.958655,0.3903,25,max_steps_exceeded
471,-2223.10,500,0,1.985982,0.3895,91,max_steps_exceeded
472,-1885.80,500,0,1.986873,0.3887,83,max_steps_exceeded
473,-287.80,82,0,2.070230,0.3879,6,hit_fire
474,-574.50,146,0,1.924147,0.3871,17,hit_fire
475,-940.60,300,0,2.092777,0.3864,12,max_steps_exceeded
476,139.50,8,1,2.010959,0.3856,1,reached_exit
477,139.30,10,1,1.991158,0.3848,2,reached_exit
478,-50.10,2,0,1.602282,0.3841,1,hit_fire
479,94.50,28,1,1.723482,0.3833,2,reached_exit
480,135.30,20,1,1.966913,0.3825,2,reached_exit
481,-114.50,101,1,2.106201,0.3818,7,reached_exit
482,105.60,27,1,2.225815,0.3810,1,reached_exit
483,-2068.30,500,0,2.162374,0.3802,37,max_steps_exceeded
484,126.10,23,1,1.926643,0.3795,1,reached_exit
485,-942.40,300,0,2.013454,0.3787,32,max_steps_exceeded
486,102.80,32,1,1.958779,0.3780,3,reached_exit
487,31.30,49,1,2.094492,0.3772,5,reached_exit
488,92.20,19,1,2.058078,0.3764,2,reached_exit
489,-420.80,101,0,2.038464,0.3757,16,hit_fire
490,-1049.80,300,0,1.933075,0.3749,38,max_steps_exceeded
491,-42.20,65,1,2.105867,0.3742,10,reached_exit
492,-1063.90,300,0,2.115526,0.3734,33,max_steps_exceeded
493,-1744.90,500,0,2.087511,0.3727,107,max_steps_exceeded
494,125.90,24,1,2.003620,0.3720,1,reached_exit
495,-340.10,93,0,2.041179,0.3712,7,hit_fire
496,129.10,14,1,2.495612,0.3705,1,reached_exit
497,130.40,12,1,2.032150,0.3697,2,reached_exit
498,-1837.80,500,0,1.988959,0.3690,93,max_steps_exceeded
499,36.90,41,1,2.144776,0.3682,3,reached_exit
500,-226.50,125,1,2.075684,0.3675,6,reached_exit
501,-7.60,64,1,1.933109,0.3668,2,reached_exit
502,-503.20,323,1,2.138889,0.3660,44,reached_exit
503,-1333.10,500,0,2.136867,0.3653,60,max_steps_exceeded
504,-1388.10,500,0,2.045175,0.3646,102,max_steps_exceeded
505,-68.30,8,0,1.655521,0.3639,1,hit_fire
506,136.30,10,1,2.197786,0.3631,1,reached_exit
507,23.10,58,1,1.954310,0.3624,5,reached_exit
508,148.50,6,1,2.129668,0.3617,1,reached_exit
509,-183.60,137,1,2.047476,0.3609,3,reached_exit
510,149.90,2,1,1.420803,0.3602,1,reached_exit
511,-202.50,124,1,2.099597,0.3595,6,reached_exit
512,-50.00,1,0,1.716710,0.3588,1,hit_fire
513,-850.30,245,0,2.073770,0.3581,21,hit_fire
514,148.20,9,1,2.520867,0.3574,1,reached_exit
515,92.30,32,1,2.094523,0.3566,3,reached_exit
516,149.90,2,1,1.797881,0.3559,1,reached_exit
517,-1427.50,500,0,2.133372,0.3552,97,max_steps_exceeded
518,140.70,15,1,1.909815,0.3545,1,reached_exit
519,144.50,7,1,2.029188,0.3538,2,reached_exit
520,-743.70,364,1,2.012220,0.3531,59,reached_exit
521,-1184.90,300,0,2.099764,0.3524,30,max_steps_exceeded
522,149.20,9,1,1.690588,0.3517,1,reached_exit
523,-169.10,145,1,1.987552,0.3510,8,reached_exit
524,40.70,51,1,1.986037,0.3503,3,reached_exit
525,68.20,39,1,2.232270,0.3496,3,reached_exit
526,149.90,2,1,1.635361,0.3489,1,reached_exit
527,-1960.90,500,0,2.081534,0.3482,83,max_steps_exceeded
528,148.70,4,1,1.882235,0.3475,1,reached_exit
529,-1906.70,500,0,2.135710,0.3468,81,max_steps_exceeded
530,-55.00,2,0,1.704985,0.3461,1,hit_fire
531,-194.50,191,1,2.243899,0.3454,32,reached_exit
532,149.40,7,1,2.825599,0.3447,1,reached_exit
533,-50.30,4,0,2.052829,0.3440,1,hit_fire
534,-890.70,245,0,2.165437,0.3433,28,hit_fire
535,-200.60,144,1,2.277466,0.3426,6,reached_exit
536,-1712.00,500,0,2.181711,0.3420,142,max_steps_exceeded
537,-351.40,178,1,2.143138,0.3413,16,reached_exit
538,149.10,10,1,2.088266,0.3406,1,reached_exit
539,-943.90,300,0,2.075234,0.3399,40,max_steps_exceeded
540,-766.00,275,1,2.056262,0.3392,62,reached_exit
541,-1664.90,500,0,2.150797,0.3386,54,max_steps_exceeded
542,-888.40,445,1,2.207005,0.3379,90,reached_exit
543,-110.90,117,1,2.204456,0.3372,6,reached_exit
544,-1434.50,500,0,2.194308,0.3365,104,max_steps_exceeded
545,-100.00,25,0,2.005279,0.3358,1,hit_fire
546,-1047.20,300,0,2.176208,0.3352,31,max_steps_exceeded
547,-1713.10,500,0,2.142209,0.3345,54,max_steps_exceeded
548,120.00,13,1,2.181863,0.3338,2,reached_exit
549,-1750.70,500,0,2.113535,0.3332,69,max_steps_exceeded
550,128.10,14,1,2.368831,0.3325,1,reached_exit
551,-1326.40,500,0,2.238144,0.3318,92,max_steps_exceeded
552,-1904.50,500,0,2.190696,0.3312,37,max_steps_exceeded
553,149.50,6,1,2.023367,0.3305,1,reached_exit
554,12.10,44,1,2.181545,0.3299,2,reached_exit
555,-1655.30,500,0,2.232330,0.3292,106,max_steps_exceeded
556,-610.20,200,0,2.094696,0.3285,10,max_steps_exceeded
557,-75.10,15,0,2.273298,0.3279,2,hit_fire
558,96.20,28,1,2.271075,0.3272,1,reached_exit
559,-60.30,7,0,2.820618,0.3266,1,hit_fire
560,-767.00,217,0,2.227012,0.3259,18,hit_fire
561,144.60,6,1,2.427492,0.3253,1,reached_exit
562,-94.50,24,0,2.494802,0.3246,3,hit_fire
563,139.00,12,1,2.516806,0.3240,3,reached_exit
564,-1399.00,500,0,2.218002,0.3233,106,max_steps_exceeded
565,-1838.60,500,0,2.232260,0.3227,93,max_steps_exceeded
566,-427.40,185,1,2.189535,0.3220,22,reached_exit
567,-1629.40,500,0,2.187123,0.3214,67,max_steps_exceeded
568,-1743.70,500,0,2.182061,0.3207,39,max_steps_exceeded
569,-1461.60,500,0,2.150141,0.3201,87,max_steps_exceeded
570,-65.90,13,0,2.503975,0.3195,6,hit_fire
571,-1676.60,500,0,2.190415,0.3188,48,max_steps_exceeded
572,69.10,39,1,2.142539,0.3182,4,reached_exit
573,-597.10,200,0,2.139257,0.3175,9,max_steps_exceeded
574,-2123.20,500,0,2.219786,0.3169,59,max_steps_exceeded
575,-515.00,209,1,2.062572,0.3163,19,reached_exit
576,149.70,4,1,2.022855,0.3156,1,reached_exit
577,-212.90,203,1,2.160981,0.3150,30,reached_exit
578,-1477.80,500,0,2.111611,0.3144,82,max_steps_exceeded
579,124.60,29,1,2.185622,0.3137,1,reached_exit
580,-1541.10,500,0,2.082359,0.3131,47,max_steps_exceeded
581,-205.00,142,1,2.321024,0.3125,12,reached_exit
582,-995.60,436,1,2.202325,0.3119,56,reached_exit
583,-1519.90,500,0,2.195859,0.3112,93,max_steps_exceeded
584,121.30,23,1,2.041394,0.3106,1,reached_exit
585,114.90,9,1,2.116460,0.3100,2,reached_exit
586,-274.20,201,1,2.296437,0.3094,21,reached_exit
587,99.00,37,1,2.259659,0.3088,2,reached_exit
588,87.00,25,1,2.126760,0.3081,1,reached_exit
589,139.10,12,1,2.019855,0.3075,1,reached_exit
590,-1542.40,500,0,2.151692,0.3069,88,max_steps_exceeded
591,110.40,19,1,1.979591,0.3063,1,reached_exit
592,-506.50,139,0,2.219195,0.3057,12,hit_fire
593,148.60,15,1,2.509551,0.3051,1,reached_exit
594,-51.50,6,0,2.623272,0.3045,1,hit_fire
595,-339.80,163,1,2.253283,0.3039,9,reached_exit
596,-936.40,300,0,2.241291,0.3033,27,max_steps_exceeded
597,-1228.00,500,0,2.237320,0.3026,86,max_steps_exceeded
598,144.70,5,1,2.391871,0.3020,2,reached_exit
599,65.60,47,1,2.211562,0.3014,1,reached_exit
600,74.80,35,1,2.106084,0.3008,3,reached_exit
601,137.90,13,1,1.945017,0.3002,2,reached_exit
602,21.80,80,1,2.373424,0.2996,2,reached_exit
603,52.50,57,1,2.240890,0.2990,9,reached_exit
604,134.40,10,1,2.538332,0.2984,1,reached_exit
605,-185.20,105,1,2.284149,0.2978,9,reached_exit
606,-316.90,89,0,2.248001,0.2972,7,hit_fire
607,-1936.70,500,0,2.268883,0.2966,68,max_steps_exceeded
608,136.90,14,1,2.557987,0.2961,3,reached_exit
609,-1679.90,500,0,2.225685,0.2955,28,max_steps_exceeded
610,131.00,21,1,2.157147,0.2949,3,reached_exit
611,-1624.10,500,0,2.411382,0.2943,64,max_steps_exceeded
612,149.70,4,1,2.834277,0.2937,1,reached_exit
613,-1721.30,500,0,2.420969,0.2931,50,max_steps_exceeded
614,146.40,17,1,2.337306,0.2925,2,reached_exit
615,-1732.90,500,0,2.384339,0.2919,78,max_steps_exceeded
616,-1610.70,500,0,2.348675,0.2913,72,max_steps_exceeded
617,144.80,4,1,1.993271,0.2908,1,reached_exit
618,-1267.30,500,0,2.341028,0.2902,84,max_steps_exceeded
619,149.90,2,1,1.880584,0.2896,1,reached_exit
620,-215.60,47,0,2.245360,0.2890,2,hit_fire
621,147.90,12,1,2.065781,0.2884,2,reached_exit
622,-119.20,30,0,2.251492,0.2879,2,hit_fire
623,-66.80,13,0,2.505063,0.2873,1,hit_fire
624,-206.50,115,1,2.321027,0.2867,4,reached_exit
625,148.30,8,1,1.820777,0.2861,1,reached_exit
626,124.90,16,1,2.183411,0.2856,3,reached_exit
627,-539.10,307,1,2.301728,0.2850,29,reached_exit
628,146.70,14,1,2.281920,0.2844,1,reached_exit
629,138.90,13,1,2.587756,0.2839,3,reached_exit
630,125.80,15,1,2.162190,0.2833,1,reached_exit
631,-476.30,110,0,2.276905,0.2827,8,hit_fire
632,-137.50,33,0,2.385048,0.2822,5,hit_fire
633,-381.80,258,1,2.267856,0.2816,29,reached_exit
634,102.60,37,1,2.362380,0.2810,1,reached_exit
635,-1523.20,500,0,2.283766,0.2805,66,max_steps_exceeded
636,-1360.60,499,1,2.258144,0.2799,120,reached_exit
637,-1701.80,500,0,2.222517,0.2794,64,max_steps_exceeded
638,144.60,6,1,2.306017,0.2788,1,reached_exit
639,132.50,8,1,2.654231,0.2782,1,reached_exit
640,-50.00,1,0,2.394322,0.2777,1,hit_fire
641,-924.50,410,1,2.272233,0.2771,74,reached_exit
642,118.90,54,1,2.382367,0.2766,4,reached_exit
643,-1487.40,500,0,2.292646,0.2760,53,max_steps_exceeded
644,129.40,11,1,2.197103,0.2755,3,reached_exit
645,-1514.50,500,0,2.219114,0.2749,116,max_steps_exceeded
646,-157.20,95,1,2.314194,0.2744,4,reached_exit
647,149.90,2,1,2.298030,0.2738,1,reached_exit
648,149.70,4,1,1.918842,0.2733,1,reached_exit
649,101.20,33,1,2.288806,0.2727,3,reached_exit
650,149.60,5,1,1.981092,0.2722,1,reached_exit
651,-202.70,64,0,2.305408,0.2716,6,hit_fire
652,150.00,1,1,1.480862,0.2711,1,reached_exit
653,119.00,17,1,2.467392,0.2705,1,reached_exit
654,-634.60,255,1,2.392153,0.2700,30,reached_exit
655,-940.80,300,0,2.449044,0.2695,38,max_steps_exceeded
656,149.80,3,1,2.230074,0.2689,1,reached_exit
657,116.60,11,1,2.852214,0.2684,3,reached_exit
658,-401.90,124,0,2.256679,0.2679,11,hit_fire
659,-205.50,129,1,2.372528,0.2673,11,reached_exit
660,-687.70,182,0,2.358497,0.2668,24,hit_fire
661,150.00,1,1,3.459136,0.2662,1,reached_exit
662,-401.50,132,0,2.423580,0.2657,7,hit_fire
663,-634.30,200,0,2.315009,0.2652,14,max_steps_exceeded
664,149.80,3,1,2.161523,0.2647,1,reached_exit
665,137.20,11,1,2.170672,0.2641,1,reached_exit
666,-739.30,253,1,2.402311,0.2636,44,reached_exit
667,-70.40,19,0,2.346284,0.2631,1,hit_fire
668,147.90,12,1,2.789881,0.2625,1,reached_exit
669,139.10,12,1,2.522661,0.2620,1,reached_exit
670,-1491.80,500,0,2.403280,0.2615,40,max_steps_exceeded
671,141.20,20,1,2.406285,0.2610,1,reached_exit
672,-50.10,2,0,2.764078,0.2604,1,hit_fire
673,146.50,7,1,2.884733,0.2599,1,reached_exit
674,-528.90,202,1,2.546496,0.2594,20,reached_exit
675,144.20,10,1,2.293019,0.2589,1,reached_exit
676,-363.70,136,1,2.551729,0.2584,13,reached_exit
677,133.60,17,1,2.832511,0.2579,1,reached_exit
678,-1171.00,300,0,2.565502,0.2573,62,hit_fire
679,85.10,19,1,2.781414,0.2568,2,reached_exit
680,-59.40,94,1,2.437059,0.2563,5,reached_exit
681,-753.00,200,0,2.615796,0.2558,14,max_steps_exceeded
682,143.20,9,1,2.198026,0.2553,2,reached_exit
683,106.30,22,1,2.559614,0.2548,1,reached_exit
684,137.80,15,1,2.719045,0.2543,2,reached_exit
685,-2.40,51,1,2.559769,0.2538,2,reached_exit
686,142.60,6,1,2.323946,0.2533,1,reached_exit
687,146.80,13,1,2.964071,0.2527,3,reached_exit
688,129.90,13,1,2.519416,0.2522,1,reached_exit
689,-1796.20,500,0,2.584350,0.2517,77,max_steps_exceeded
690,-212.20,177,1,2.509057,0.2512,28,reached_exit
691,-1687.40,500,0,2.656490,0.2507,37,max_steps_exceeded
692,114.50,21,1,2.680170,0.2502,2,reached_exit
693,-606.70,200,0,2.582266,0.2497,12,max_steps_exceeded
694,150.00,1,1,2.319832,0.2492,1,reached_exit
695,-572.90,195,1,2.589563,0.2487,12,reached_exit
696,106.90,39,1,2.532489,0.2482,1,reached_exit
697,144.10,11,1,2.590059,0.2477,1,reached_exit
698,144.70,5,1,1.847396,0.2472,1,reached_exit
699,-60.90,12,0,2.677604,0.2467,1,hit_fire
700,48.00,60,1,2.586648,0.2463,4,reached_exit
701,-60.00,3,0,1.827195,0.2458,1,hit_fire
702,-786.50,200,0,2.581641,0.2453,11,max_steps_exceeded
703,-1573.10,500,0,2.541493,0.2448,41,max_steps_exceeded
704,116.70,20,1,2.089525,0.2443,1,reached_exit
705,-824.20,300,0,2.434878,0.2438,54,max_steps_exceeded
706,81.70,34,1,2.313658,0.2433,1,reached_exit
707,-111.50,89,1,2.458989,0.2428,1,reached_exit
708,148.90,12,1,2.440607,0.2423,1,reached_exit
709,-1783.00,500,0,2.447421,0.2419,64,max_steps_exceeded
710,62.90,35,1,2.413224,0.2414,1,reached_exit
711,8.70,82,1,2.438119,0.2409,5,reached_exit
712,-151.00,30,0,2.481418,0.2404,2,hit_fire
713,146.90,12,1,2.202374,0.2399,1,reached_exit
714,-337.40,89,0,2.635326,0.2394,5,hit_fire
715,-623.30,200,0,2.516299,0.2390,12,max_steps_exceeded
716,-1702.20,500,0,2.399793,0.2385,92,max_steps_exceeded
717,-1444.80,500,0,2.437418,0.2380,138,max_steps_exceeded
718,-1248.50,323,0,2.349382,0.2375,56,hit_fire
719,124.60,10,1,2.697521,0.2371,1,reached_exit
720,-156.30,49,0,2.578805,0.2366,2,hit_fire
721,134.90,5,1,2.409155,0.2361,1,reached_exit
722,-102.80,28,0,2.390039,0.2356,2,hit_fire
723,143.30,9,1,2.120644,0.2352,1,reached_exit
724,139.80,5,1,2.028279,0.2347,1,reached_exit
725,-1449.20,500,0,2.513884,0.2342,97,max_steps_exceeded
726,144.40,8,1,2.687485,0.2338,1,reached_exit
727,-1547.80,500,0,2.370847,0.2333,54,max_steps_exceeded
728,144.70,5,1,2.181562,0.2328,1,reached_exit
729,-1416.90,500,0,2.319813,0.2324,80,max_steps_exceeded
730,136.00,13,1,1.997293,0.2319,1,reached_exit
731,-389.80,214,1,2.475032,0.2314,15,reached_exit
732,31.70,57,1,2.576604,0.2310,2,reached_exit
733,-1505.40,500,0,2.369804,0.2305,79,max_steps_exceeded
734,-459.60,183,1,2.404814,0.2300,13,reached_exit
735,144.20,10,1,2.232879,0.2296,1,reached_exit
736,-24.50,92,1,2.382455,0.2291,4,reached_exit
737,-52.50,7,0,2.243460,0.2287,3,hit_fire
738,-95.10,30,0,2.347852,0.2282,2,hit_fire
739,140.40,19,1,2.498375,0.2278,2,reached_exit
740,147.30,8,1,2.142593,0.2273,1,reached_exit
741,-30.80,83,1,2.474494,0.2268,5,reached_exit
742,131.60,18,1,2.375549,0.2264,1,reached_exit
743,145.00,2,1,2.100794,0.2259,1,reached_exit
744,-1278.90,433,0,2.409057,0.2255,95,hit_fire
745,-101.00,22,0,2.545087,0.2250,1,hit_fire
746,118.00,22,1,2.191557,0.2246,1,reached_exit
747,-1118.20,391,0,2.387046,0.2241,65,hit_fire
748,-828.40,265,0,2.345357,0.2237,32,hit_fire
749,64.20,44,1,2.284858,0.2232,3,reached_exit
750,133.50,17,1,2.414800,0.2228,1,reached_exit
751,-922.20,300,0,2.416341,0.2223,46,max_steps_exceeded
752,-336.60,203,1,2.404454,0.2219,24,reached_exit
753,149.70,4,1,2.101561,0.2215,1,reached_exit
754,144.40,8,1,2.701481,0.2210,1,reached_exit
755,-1632.80,500,0,2.374827,0.2206,35,max_steps_exceeded
756,48.30,92,1,2.319157,0.2201,10,reached_exit
757,147.50,7,1,2.307419,0.2197,1,reached_exit
758,139.30,19,1,2.748288,0.2193,2,reached_exit
759,149.90,2,1,2.155388,0.2188,1,reached_exit
760,-1447.50,500,0,2.355888,0.2184,32,max_steps_exceeded
761,-157.10,188,1,2.436749,0.2179,4,reached_exit
762,-712.40,200,0,2.361559,0.2175,12,max_steps_exceeded
763,-317.90,188,1,2.335649,0.2171,20,reached_exit
764,-7.80,82,1,2.382591,0.2166,7,reached_exit
765,143.40,8,1,2.224524,0.2162,1,reached_exit
766,149.30,8,1,2.316035,0.2158,1,reached_exit
767,-705.60,263,1,2.267570,0.2153,20,reached_exit
768,-326.80,90,0,2.196711,0.2149,13,hit_fire
769,139.00,13,1,3.060812,0.2145,1,reached_exit
770,-117.70,20,0,2.379029,0.2141,3,hit_fire
771,136.30,18,1,2.279865,0.2136,2,reached_exit
772,-1000.30,300,0,2.417578,0.2132,33,max_steps_exceeded
773,146.60,15,1,2.471864,0.2128,1,reached_exit
774,149.50,6,1,2.268475,0.2123,1,reached_exit
775,-1611.30,500,0,2.373924,0.2119,93,max_steps_exceeded
776,144.20,10,1,2.356090,0.2115,1,reached_exit
777,-79.10,17,0,2.294807,0.2111,1,hit_fire
778,147.30,9,1,2.394090,0.2106,2,reached_exit
779,149.70,4,1,2.524930,0.2102,1,reached_exit
780,147.10,10,1,2.348222,0.2098,1,reached_exit
781,138.30,20,1,2.476289,0.2094,1,reached_exit
782,-2352.10,500,0,2.463243,0.2090,79,max_steps_exceeded
783,149.40,7,1,2.369330,0.2086,1,reached_exit
784,149.60,5,1,2.368199,0.2081,1,reached_exit
785,-1676.50,500,0,2.380279,0.2077,57,max_steps_exceeded
786,150.00,1,1,2.162645,0.2073,1,reached_exit
787,-1500.60,500,0,2.306064,0.2069,81,max_steps_exceeded
788,101.10,32,1,2.484141,0.2065,2,reached_exit
789,134.30,30,1,2.322585,0.2061,1,reached_exit
790,139.00,13,1,2.442058,0.2056,1,reached_exit
791,-412.00,182,1,2.380833,0.2052,24,reached_exit
792,-51.60,96,1,2.338388,0.2048,8,reached_exit
793,145.00,2,1,3.194181,0.2044,1,reached_exit
794,-823.40,300,0,2.383463,0.2040,31,max_steps_exceeded
795,-921.80,300,0,2.349276,0.2036,18,max_steps_exceeded
796,-1460.30,500,0,2.305072,0.2032,55,max_steps_exceeded
797,64.00,50,1,2.362596,0.2028,3,reached_exit
798,-50.10,2,0,2.514153,0.2024,1,hit_fire
799,-1692.60,500,0,2.272026,0.2020,84,max_steps_exceeded
800,-5.80,87,1,2.251988,0.2016,10,reached_exit
801,-971.70,300,0,2.283276,0.2012,34,max_steps_exceeded
802,149.80,3,1,2.580026,0.2008,1,reached_exit
803,-1844.00,500,0,2.335534,0.2004,113,max_steps_exceeded
804,136.30,29,1,2.428343,0.2000,2,reached_exit
805,-1484.50,500,0,2.351064,0.1996,61,max_steps_exceeded
806,17.10,59,1,2.203736,0.1992,3,reached_exit
807,97.00,35,1,2.131334,0.1988,2,reached_exit
808,-961.20,406,1,2.268585,0.1984,45,reached_exit
809,-493.30,147,0,2.291515,0.1980,18,hit_fire
810,148.90,12,1,1.904197,0.1976,1,reached_exit
811,-120.60,20,0,2.329181,0.1972,2,hit_fire
812,113.60,28,1,2.322176,0.1968,1,reached_exit
813,149.80,3,1,1.779919,0.1964,1,reached_exit
814,-103.40,22,0,2.609674,0.1960,3,hit_fire
815,-185.90,42,0,2.290572,0.1956,1,hit_fire
816,-1357.20,392,0,2.271713,0.1952,48,hit_fire
817,149.80,3,1,2.091976,0.1948,1,reached_exit
818,146.80,13,1,2.540642,0.1944,1,reached_exit
819,149.30,8,1,2.039025,0.1940,1,reached_exit
820,136.90,23,1,2.166726,0.1937,3,reached_exit
821,-571.40,200,0,2.511139,0.1933,12,max_steps_exceeded
822,-747.30,202,0,2.346076,0.1929,27,hit_fire
823,-505.00,166,1,2.414432,0.1925,14,reached_exit
824,-586.30,200,0,2.247296,0.1921,15,max_steps_exceeded
825,-1106.70,404,0,2.264650,0.1917,72,hit_fire
826,-98.30,117,1,2.179427,0.1913,16,reached_exit
827,-2268.60,500,0,2.254228,0.1910,122,max_steps_exceeded
828,149.50,6,1,1.925175,0.1906,1,reached_exit
829,148.80,13,1,2.193246,0.1902,1,reached_exit
830,-1013.00,300,0,2.261737,0.1898,59,max_steps_exceeded
831,149.10,10,1,2.174497,0.1894,1,reached_exit
832,150.00,1,1,2.004168,0.1891,1,reached_exit
833,-1385.10,300,0,2.309348,0.1887,33,max_steps_exceeded
834,-292.70,166,1,2.186989,0.1883,11,reached_exit
835,143.80,14,1,2.191131,0.1879,1,reached_exit
836,-519.00,162,1,2.275841,0.1876,9,reached_exit
837,-1056.60,380,0,2.195732,0.1872,52,hit_fire
838,-18.80,84,1,2.197203,0.1868,1,reached_exit
839,116.80,47,1,2.365661,0.1864,19,reached_exit
840,143.50,17,1,2.059124,0.1861,1,reached_exit
841,-90.00,104,1,2.176965,0.1857,3,reached_exit
842,144.80,4,1,1.937217,0.1853,1,reached_exit
843,120.40,28,1,2.109428,0.1849,4,reached_exit
844,144.00,12,1,2.269904,0.1846,3,reached_exit
845,-54.60,8,0,2.327046,0.1842,2,hit_fire
846,5.70,109,1,2.295621,0.1838,19,reached_exit
847,133.70,17,1,2.330297,0.1835,1,reached_exit
848,-262.50,141,1,2.170469,0.1831,6,reached_exit
849,-1389.40,300,0,2.195259,0.1827,49,max_steps_exceeded
850,148.70,4,1,2.083671,0.1824,1,reached_exit
851,132.00,21,1,2.447480,0.1820,2,reached_exit
852,149.90,2,1,2.353912,0.1816,1,reached_exit
853,-1669.10,424,0,2.303385,0.1813,59,hit_fire
854,-1347.40,500,0,2.342446,0.1809,52,max_steps_exceeded
855,69.60,102,1,2.265237,0.1806,10,reached_exit
856,15.70,106,1,2.282456,0.1802,13,reached_exit
857,47.80,60,1,2.304046,0.1798,5,reached_exit
858,-200.60,130,1,2.303353,0.1795,14,reached_exit
859,-271.00,149,1,2.257398,0.1791,7,reached_exit
860,149.90,2,1,3.187557,0.1788,1,reached_exit
861,143.90,13,1,2.177351,0.1784,1,reached_exit
862,-289.80,172,1,2.318865,0.1780,24,reached_exit
863,149.60,5,1,2.248040,0.1777,1,reached_exit
864,125.80,27,1,2.507303,0.1773,2,reached_exit
865,-282.70,181,1,2.277341,0.1770,23,reached_exit
866,148.50,6,1,2.282951,0.1766,1,reached_exit
867,133.50,19,1,2.142351,0.1763,1,reached_exit
868,105.00,53,1,2.274550,0.1759,5,reached_exit
869,104.80,29,1,2.329475,0.1756,3,reached_exit
870,144.00,12,1,2.134799,0.1752,1,reached_exit
871,149.40,7,1,2.723077,0.1749,1,reached_exit
872,-633.20,232,1,2.306351,0.1745,27,reached_exit
873,145.00,2,1,3.249879,0.1742,1,reached_exit
874,145.50,7,1,2.113855,0.1738,2,reached_exit
875,149.60,5,1,2.227416,0.1735,1,reached_exit
876,149.70,4,1,2.017691,0.1731,1,reached_exit
877,-133.70,31,0,2.102373,0.1728,4,hit_fire
878,149.60,5,1,2.745041,0.1724,1,reached_exit
879,149.20,9,1,1.988516,0.1721,1,reached_exit
880,-946.50,300,0,2.317145,0.1717,24,max_steps_exceeded
881,-751.80,200,0,2.386137,0.1714,11,max_steps_exceeded
882,-575.60,177,0,2.301849,0.1711,12,hit_fire
883,-260.30,107,1,2.231175,0.1707,5,reached_exit
884,-1313.70,300,0,2.358327,0.1704,36,max_steps_exceeded
885,147.90,12,1,2.353677,0.1700,1,reached_exit
886,-1696.30,500,0,2.314307,0.1697,71,max_steps_exceeded
887,-1787.00,500,0,2.302677,0.1694,26,max_steps_exceeded
888,-1259.90,300,0,2.196198,0.1690,36,max_steps_exceeded
889,-762.50,200,0,2.207750,0.1687,8,max_steps_exceeded
890,55.90,30,1,2.238763,0.1683,2,reached_exit
891,-19.30,68,1,2.272688,0.1680,4,reached_exit
892,149.30,8,1,2.252913,0.1677,1,reached_exit
893,114.10,53,1,2.308837,0.1673,1,reached_exit
894,-114.10,95,1,2.272986,0.1670,5,reached_exit
895,139.70,6,1,2.651360,0.1667,1,reached_exit
896,-1840.30,500,0,2.308710,0.1663,84,max_steps_exceeded
897,-2061.20,500,0,2.270039,0.1660,80,max_steps_exceeded
898,149.10,10,1,2.376616,0.1657,1,reached_exit
899,-1449.10,427,1,2.230460,0.1653,47,reached_exit
900,21.50,40,1,2.119327,0.1650,2,reached_exit
901,-1553.40,500,0,2.220587,0.1647,75,max_steps_exceeded
902,149.30,8,1,2.163713,0.1643,1,reached_exit
903,146.10,11,1,2.116144,0.1640,1,reached_exit
904,-1377.60,500,0,2.163015,0.1637,105,max_steps_exceeded
905,141.80,14,1,1.769160,0.1634,1,reached_exit
906,-1242.10,308,0,2.214618,0.1630,28,hit_fire
907,135.50,37,1,2.331201,0.1627,1,reached_exit
908,116.90,37,1,2.088679,0.1624,3,reached_exit
909,-607.50,300,1,2.158587,0.1621,79,reached_exit
910,141.70,15,1,2.055749,0.1617,2,reached_exit
911,148.00,11,1,2.636742,0.1614,1,reached_exit
912,-1401.30,500,0,2.178346,0.1611,52,max_steps_exceeded
913,149.40,7,1,2.416083,0.1608,1,reached_exit
914,-1610.90,500,0,2.199598,0.1604,61,max_steps_exceeded
915,-146.00,114,1,2.052382,0.1601,8,reached_exit
916,149.20,9,1,2.478317,0.1598,2,reached_exit
917,-259.00,128,0,2.153711,0.1595,15,hit_fire
918,144.80,4,1,1.746973,0.1592,1,reached_exit
919,149.90,2,1,3.166257,0.1588,1,reached_exit
920,-1694.20,500,0,2.220019,0.1585,73,max_steps_exceeded
921,-228.20,157,1,2.327542,0.1582,6,reached_exit
922,142.20,21,1,2.329550,0.1579,1,reached_exit
923,138.10,10,1,2.497696,0.1576,1,reached_exit
924,-699.20,264,1,2.367587,0.1573,22,reached_exit
925,-1517.70,500,0,2.263777,0.1569,57,max_steps_exceeded
926,149.20,9,1,2.400182,0.1566,1,reached_exit
927,133.80,24,1,2.373289,0.1563,2,reached_exit
928,-466.80,261,1,2.224153,0.1560,33,reached_exit
929,148.00,11,1,2.005596,0.1557,1,reached_exit
930,-1898.90,500,0,2.273638,0.1554,71,max_steps_exceeded
931,149.80,3,1,1.874153,0.1551,1,reached_exit
932,-663.70,200,0,2.395530,0.1548,9,max_steps_exceeded
933,-584.20,246,1,2.312316,0.1545,18,reached_exit
934,114.70,20,1,2.091812,0.1541,2,reached_exit
935,149.00,11,1,2.834265,0.1538,1,reached_exit
936,-946.20,300,0,2.263275,0.1535,34,max_steps_exceeded
937,149.00,11,1,2.261836,0.1532,2,reached_exit
938,134.60,17,1,2.061755,0.1529,1,reached_exit
939,150.00,1,1,1.600724,0.1526,1,reached_exit
940,-65.30,99,1,2.332495,0.1523,9,reached_exit
941,141.40,18,1,2.204609,0.1520,2,reached_exit
942,58.00,58,1,2.190956,0.1517,5,reached_exit
943,-2055.00,500,0,2.287969,0.1514,97,max_steps_exceeded
944,147.10,11,1,2.109441,0.1511,1,reached_exit
945,149.60,5,1,1.946561,0.1508,1,reached_exit
946,-1403.20,500,0,2.230359,0.1505,76,max_steps_exceeded
947,-263.50,163,1,2.259729,0.1502,16,reached_exit
948,137.60,16,1,2.379947,0.1499,3,reached_exit
949,149.50,6,1,1.896122,0.1496,1,reached_exit
950,-149.90,32,0,2.064312,0.1493,2,hit_fire
951,143.20,19,1,2.100293,0.1490,1,reached_exit
952,-843.80,266,0,2.244466,0.1487,25,hit_fire
953,-60.40,7,0,2.221765,0.1484,1,hit_fire
954,-854.80,239,0,2.214084,0.1481,34,hit_fire
955,149.80,3,1,2.270486,0.1478,1,reached_exit
956,144.80,13,1,2.685852,0.1475,2,reached_exit
957,149.60,5,1,1.962860,0.1472,1,reached_exit
958,149.60,5,1,1.661550,0.1469,1,reached_exit
959,126.50,38,1,2.253742,0.1466,1,reached_exit
960,-1509.00,500,0,2.190832,0.1463,136,max_steps_exceeded
961,145.30,8,1,2.060131,0.1460,2,reached_exit
962,85.60,78,1,2.153413,0.1457,16,reached_exit
963,149.70,4,1,2.217868,0.1454,1,reached_exit
964,147.50,6,1,2.186710,0.1452,1,reached_exit
965,-1489.60,500,0,2.241011,0.1449,57,max_steps_exceeded
966,-1000.80,321,0,2.154760,0.1446,41,hit_fire
967,-1513.10,500,0,2.193961,0.1443,61,max_steps_exceeded
968,54.30,36,1,2.139061,0.1440,1,reached_exit
969,149.30,8,1,2.043230,0.1437,1,reached_exit
970,107.00,26,1,2.410925,0.1434,1,reached_exit
971,149.40,7,1,2.132511,0.1431,1,reached_exit
972,-63.00,84,1,2.367820,0.1429,10,reached_exit
973,-1494.00,493,1,2.117417,0.1426,114,reached_exit
974,144.40,8,1,1.885636,0.1423,2,reached_exit
975,-1872.40,500,0,2.115161,0.1420,54,max_steps_exceeded
976,132.50,26,1,2.036533,0.1417,3,reached_exit
977,-2270.40,500,0,2.042338,0.1414,87,max_steps_exceeded
978,149.90,2,1,2.924645,0.1411,1,reached_exit
979,140.90,13,1,2.049457,0.1409,1,reached_exit
980,133.50,38,1,1.995859,0.1406,2,reached_exit
981,150.00,1,1,1.608395,0.1403,1,reached_exit
982,-50.00,1,0,2.667594,0.1400,1,hit_fire
983,-697.90,200,0,2.165977,0.1397,11,max_steps_exceeded
984,150.00,1,1,2.211701,0.1395,1,reached_exit
985,148.80,13,1,2.362340,0.1392,2,reached_exit
986,134.90,14,1,2.407388,0.1389,1,reached_exit
987,148.50,6,1,2.415636,0.1386,1,reached_exit
988,-551.20,298,1,2.171073,0.1383,25,reached_exit
989,-1223.80,300,0,2.149839,0.1381,26,max_steps_exceeded
990,149.90,2,1,2.443036,0.1378,1,reached_exit
991,133.70,35,1,2.157764,0.1375,1,reached_exit
992,123.60,29,1,2.126808,0.1372,2,reached_exit
993,112.00,41,1,2.140518,0.1370,4,reached_exit
994,-2032.50,489,0,2.234898,0.1367,117,hit_fire
995,149.30,8,1,2.150583,0.1364,1,reached_exit
996,149.90,2,1,1.664487,0.1362,1,reached_exit
997,141.60,35,1,1.989045,0.1359,5,reached_exit
998,-503.20,206,1,2.181876,0.1356,11,reached_exit
999,135.70,26,1,2.081722,0.1353,1,reached_exit
1000,-32.90,95,1,2.086341,0.1351,6,reached_exit
1001,-1219.80,300,0,2.308458,0.1348,32,max_steps_exceeded
1002,-1432.80,500,0,2.240311,0.1345,86,max_steps_exceeded
1003,-1200.20,500,0,2.210839,0.1343,114,max_steps_exceeded
1004,128.00,43,1,2.272278,0.1340,2,reached_exit
1005,54.90,53,1,2.180527,0.1337,3,reached_exit
1006,149.60,5,1,2.073604,0.1335,1,reached_exit
1007,147.40,7,1,2.082989,0.1332,1,reached_exit
1008,149.60,5,1,2.747487,0.1329,1,reached_exit
1009,-57.50,7,0,2.176323,0.1327,1,hit_fire
1010,-1545.10,500,0,2.224590,0.1324,78,max_steps_exceeded
1011,140.30,18,1,2.352932,0.1321,2,reached_exit
1012,-74.20,8,0,1.889782,0.1319,3,hit_fire
1013,6.70,72,1,2.155534,0.1316,3,reached_exit
1014,-1447.90,500,0,2.254037,0.1313,92,max_steps_exceeded
1015,139.50,8,1,1.923793,0.1311,1,reached_exit
1016,149.30,8,1,2.267977,0.1308,1,reached_exit
1017,64.20,54,1,2.122228,0.1305,1,reached_exit
1018,-1206.30,500,0,2.176890,0.1303,104,max_steps_exceeded
1019,-779.10,214,0,2.185684,0.1300,37,hit_fire
1020,-734.30,161,0,2.225329,0.1298,29,hit_fire
1021,132.90,24,1,2.276456,0.1295,2,reached_exit
1022,149.10,10,1,2.222278,0.1292,1,reached_exit
1023,-1530.20,500,0,2.170212,0.1290,91,max_steps_exceeded
1024,-725.10,200,0,2.145642,0.1287,13,max_steps_exceeded
1025,149.40,7,1,2.279456,0.1285,1,reached_exit
1026,3.40,88,1,2.219953,0.1282,4,reached_exit
1027,62.20,83,1,2.075372,0.1280,3,reached_exit
1028,-1869.70,500,0,2.137833,0.1277,98,max_steps_exceeded
1029,136.80,25,1,1.974758,0.1274,3,reached_exit
1030,149.90,2,1,2.018196,0.1272,1,reached_exit
1031,148.80,13,1,1.882479,0.1269,2,reached_exit
1032,141.10,12,1,1.915408,0.1267,1,reached_exit
1033,150.00,1,1,3.707354,0.1264,1,reached_exit
1034,-1375.60,500,0,2.073727,0.1262,80,max_steps_exceeded
1035,149.40,7,1,1.838109,0.1259,2,reached_exit
1036,149.30,8,1,2.034362,0.1257,2,reached_exit
1037,149.30,8,1,1.780296,0.1254,1,reached_exit
1038,149.10,10,1,2.441297,0.1252,1,reached_exit
1039,140.50,27,1,2.057941,0.1249,1,reached_exit
1040,-1600.70,500,0,2.170494,0.1247,49,max_steps_exceeded
1041,149.30,8,1,2.320087,0.1244,1,reached_exit
1042,141.60,16,1,1.904046,0.1242,1,reached_exit
1043,144.60,6,1,1.842915,0.1239,1,reached_exit
1044,134.30,11,1,2.321663,0.1237,1,reached_exit
1045,143.50,17,1,2.082542,0.1234,3,reached_exit
1046,149.40,7,1,2.036684,0.1232,1,reached_exit
1047,149.30,8,1,1.842444,0.1229,1,reached_exit
1048,148.90,12,1,1.952396,0.1227,1,reached_exit
1049,144.30,9,1,1.913817,0.1224,1,reached_exit
1050,-908.00,300,0,2.067276,0.1222,28,max_steps_exceeded
1051,149.10,10,1,2.122156,0.1220,2,reached_exit
1052,-1614.20,500,0,2.260981,0.1217,89,max_steps_exceeded
1053,-21.90,83,1,2.329359,0.1215,10,reached_exit
1054,142.30,19,1,2.305425,0.1212,1,reached_exit
1055,144.10,11,1,2.150328,0.1210,1,reached_exit
1056,-1516.90,500,0,2.149432,0.1207,75,max_steps_exceeded
1057,41.70,68,1,2.166340,0.1205,8,reached_exit
1058,144.40,17,1,2.291706,0.1203,1,reached_exit
1059,-1710.10,500,0,2.190108,0.1200,78,max_steps_exceeded
1060,-806.50,246,0,2.214530,0.1198,22,hit_fire
1061,149.50,6,1,1.950454,0.1195,2,reached_exit
1062,134.10,13,1,2.076710,0.1193,1,reached_exit
1063,149.50,6,1,2.865672,0.1191,1,reached_exit
1064,-729.80,296,1,2.091065,0.1188,31,reached_exit
1065,149.90,2,1,2.382087,0.1186,1,reached_exit
1066,149.80,3,1,2.098274,0.1183,1,reached_exit
1067,81.10,71,1,2.239767,0.1181,2,reached_exit
1068,149.50,6,1,1.632996,0.1179,1,reached_exit
1069,-1763.10,500,0,2.153825,0.1176,30,max_steps_exceeded
1070,-1704.80,500,0,2.070266,0.1174,106,max_steps_exceeded
1071,139.10,12,1,1.928181,0.1172,1,reached_exit
1072,-1756.70,500,0,2.007934,0.1169,54,max_steps_exceeded
1073,-52.30,5,0,2.085968,0.1167,1,hit_fire
1074,149.80,3,1,1.613248,0.1165,1,reached_exit
1075,147.40,7,1,2.474241,0.1162,1,reached_exit
1076,-2323.60,500,0,2.004093,0.1160,135,max_steps_exceeded
1077,-205.80,50,0,2.030186,0.1158,3,hit_fire
1078,-240.70,49,0,1.867275,0.1155,6,hit_fire
1079,149.70,4,1,1.873260,0.1153,1,reached_exit
1080,-1487.60,500,0,1.942771,0.1151,61,max_steps_exceeded
1081,116.80,19,1,2.036445,0.1148,1,reached_exit
1082,149.40,7,1,1.904841,0.1146,1,reached_exit
1083,148.20,9,1,2.156235,0.1144,2,reached_exit
1084,150.00,1,1,2.561474,0.1142,1,reached_exit
1085,149.70,4,1,1.978126,0.1139,1,reached_exit
1086,147.70,4,1,2.495483,0.1137,1,reached_exit
1087,-87.50,19,0,2.176074,0.1135,3,hit_fire
1088,132.30,20,1,2.203361,0.1132,3,reached_exit
1089,149.60,5,1,1.694139,0.1130,1,reached_exit
1090,134.10,13,1,2.005968,0.1128,1,reached_exit
1091,-318.10,97,0,2.112302,0.1126,4,hit_fire
1092,149.50,6,1,2.374648,0.1123,1,reached_exit
1093,149.30,8,1,2.067016,0.1121,2,reached_exit
1094,149.70,4,1,2.117668,0.1119,1,reached_exit
1095,94.50,54,1,1.992729,0.1117,1,reached_exit
1096,-1458.50,500,0,2.032557,0.1114,63,max_steps_exceeded
1097,147.30,8,1,2.189876,0.1112,1,reached_exit
1098,149.40,7,1,1.989656,0.1110,1,reached_exit
1099,142.20,20,1,1.884833,0.1108,1,reached_exit
1100,88.60,45,1,2.080845,0.1106,1,reached_exit
1101,149.40,7,1,1.461767,0.1103,1,reached_exit
1102,-203.10,137,1,2.138434,0.1101,7,reached_exit
1103,147.50,7,1,1.739742,0.1099,1,reached_exit
1104,-1516.40,500,0,2.077986,0.1097,51,max_steps_exceeded
1105,139.20,29,1,2.053596,0.1095,2,reached_exit
1106,148.80,13,1,1.936237,0.1092,2,reached_exit
1107,118.50,28,1,1.945585,0.1090,2,reached_exit
1108,121.30,31,1,2.330859,0.1088,2,reached_exit
1109,-1527.70,497,0,1.984950,0.1086,105,hit_fire
1110,116.60,31,1,1.751251,0.1084,4,reached_exit
1111,-2004.40,500,0,1.974201,0.1082,56,max_steps_exceeded
1112,46.00,53,1,1.897744,0.1079,3,reached_exit
1113,-234.10,88,0,1.982270,0.1077,6,hit_fire
1114,149.60,5,1,1.420670,0.1075,1,reached_exit
1115,-1536.00,500,0,2.012947,0.1073,104,max_steps_exceeded
1116,150.00,1,1,1.154872,0.1071,1,reached_exit
1117,139.60,7,1,1.671728,0.1069,1,reached_exit
1118,149.30,8,1,1.793439,0.1066,3,reached_exit
1119,-1010.10,300,0,1.923090,0.1064,20,max_steps_exceeded
1120,131.70,25,1,1.805257,0.1062,5,reached_exit
1121,-1885.00,500,0,1.964617,0.1060,107,max_steps_exceeded
1122,144.20,10,1,1.940265,0.1058,1,reached_exit
1123,-5.30,67,1,2.098008,0.1056,12,reached_exit
1124,-1315.50,500,0,1.915785,0.1054,90,max_steps_exceeded
1125,132.60,36,1,1.778767,0.1052,2,reached_exit
1126,144.50,7,1,2.133481,0.1050,1,reached_exit
1127,149.50,6,1,2.188456,0.1047,2,reached_exit
1128,-1442.60,500,0,1.918261,0.1045,65,max_steps_exceeded
1129,91.90,47,1,2.016004,0.1043,3,reached_exit
1130,149.70,4,1,1.449439,0.1041,1,reached_exit
1131,-1185.20,300,0,2.032856,0.1039,34,max_steps_exceeded
1132,-1505.50,500,0,2.021019,0.1037,72,max_steps_exceeded
1133,-193.70,143,1,1.882471,0.1035,6,reached_exit
1134,139.80,23,1,1.880626,0.1033,3,reached_exit
1135,101.70,13,1,1.986198,0.1031,1,reached_exit
1136,143.90,13,1,1.717742,0.1029,1,reached_exit
1137,-764.70,224,1,1.913168,0.1027,23,reached_exit
1138,-52.10,3,0,1.585629,0.1025,1,hit_fire
1139,-357.10,91,0,1.910601,0.1023,18,hit_fire
1140,107.50,24,1,2.118972,0.1021,2,reached_exit
1141,65.20,51,1,1.840848,0.1018,1,reached_exit
1142,126.40,28,1,1.918117,0.1016,2,reached_exit
1143,141.20,20,1,2.091283,0.1014,1,reached_exit
1144,-50.00,1,0,2.464884,0.1012,1,hit_fire
1145,36.10,32,1,2.084524,0.1010,1,reached_exit
1146,128.80,17,1,2.156300,0.1008,1,reached_exit
1147,-1983.90,500,0,2.008067,0.1006,89,max_steps_exceeded
1148,149.70,4,1,1.521989,0.1004,1,reached_exit
1149,126.40,38,1,1.959666,0.1002,3,reached_exit
1150,117.10,26,1,1.930550,0.1000,1,reached_exit
1151,-50.20,3,0,2.286776,0.0998,2,hit_fire
1152,149.70,4,1,2.072588,0.0996,1,reached_exit
1153,149.40,7,1,1.963557,0.0994,2,reached_exit
1154,144.70,5,1,2.339221,0.0992,1,reached_exit
1155,-1762.20,500,0,2.094267,0.0990,49,max_steps_exceeded
1156,107.60,30,1,1.990521,0.0988,2,reached_exit
1157,141.80,24,1,1.938843,0.0986,2,reached_exit
1158,149.70,4,1,1.877117,0.0984,2,reached_exit
1159,114.60,28,1,2.040964,0.0982,2,reached_exit
1160,-1306.10,300,0,2.009914,0.0980,28,max_steps_exceeded
1161,141.90,13,1,2.483000,0.0978,1,reached_exit
1162,147.30,8,1,2.291371,0.0977,1,reached_exit
1163,141.60,25,1,2.421045,0.0975,2,reached_exit
1164,-1072.20,291,1,2.116987,0.0973,24,reached_exit
1165,148.50,16,1,2.188507,0.0971,1,reached_exit
1166,149.70,4,1,2.340337,0.0969,1,reached_exit
1167,-276.80,143,1,2.222277,0.0967,15,reached_exit
1168,-202.40,126,1,2.128302,0.0965,11,reached_exit
1169,149.70,4,1,1.656270,0.0963,1,reached_exit
1170,140.20,30,1,2.274563,0.0961,1,reached_exit
1171,105.30,35,1,2.157085,0.0959,3,reached_exit
1172,147.60,5,1,2.159090,0.0957,1,reached_exit
1173,144.30,9,1,1.949336,0.0955,2,reached_exit
1174,-977.10,347,1,2.181755,0.0953,36,reached_exit
1175,106.90,54,1,2.203727,0.0951,2,reached_exit
1176,149.90,2,1,1.595245,0.0950,1,reached_exit
1177,-776.60,200,0,2.222999,0.0948,10,max_steps_exceeded
1178,144.80,4,1,2.151425,0.0946,1,reached_exit
1179,149.70,4,1,2.482093,0.0944,1,reached_exit
1180,-703.00,200,0,2.151942,0.0942,15,max_steps_exceeded
1181,-229.10,63,0,2.271815,0.0940,7,hit_fire
1182,148.60,15,1,2.221166,0.0938,1,reached_exit
1183,149.30,8,1,2.578225,0.0936,2,reached_exit
1184,141.00,22,1,2.418062,0.0934,3,reached_exit
1185,-69.90,67,1,2.134309,0.0933,7,reached_exit
1186,-438.50,189,0,2.222085,0.0931,16,hit_fire
1187,144.60,6,1,2.352940,0.0929,1,reached_exit
1188,147.90,22,1,2.216780,0.0927,1,reached_exit
1189,145.10,20,1,2.277991,0.0925,1,reached_exit
1190,139.90,13,1,2.359397,0.0923,1,reached_exit
1191,149.60,5,1,1.615574,0.0921,1,reached_exit
1192,-1716.90,500,0,2.240221,0.0920,87,max_steps_exceeded
1193,-36.70,55,1,2.185381,0.0918,5,reached_exit
1194,144.30,9,1,2.363082,0.0916,1,reached_exit
1195,47.80,59,1,2.277932,0.0914,4,reached_exit
1196,127.20,31,1,2.185054,0.0912,2,reached_exit
1197,144.90,22,1,2.130972,0.0910,1,reached_exit
1198,-724.50,183,0,2.327244,0.0909,19,hit_fire
1199,-1788.30,500,0,2.220215,0.0907,72,max_steps_exceeded
1200,-90.10,104,1,2.144308,0.0905,9,reached_exit
1201,115.10,61,1,2.332555,0.0903,3,reached_exit
1202,-2116.40,500,0,2.221862,0.0901,105,max_steps_exceeded
1203,93.50,27,1,1.979447,0.0900,1,reached_exit
1204,147.50,16,1,2.269621,0.0898,2,reached_exit
1205,143.20,20,1,2.077983,0.0896,1,reached_exit
1206,-115.90,19,0,1.984449,0.0894,5,hit_fire
1207,149.30,8,1,2.173373,0.0892,1,reached_exit
1208,-827.20,300,0,2.141969,0.0891,40,max_steps_exceeded
1209,149.70,4,1,2.075686,0.0889,1,reached_exit
1210,149.40,7,1,2.093221,0.0887,1,reached_exit
1211,147.50,7,1,2.506352,0.0885,1,reached_exit
1212,148.90,12,1,2.125150,0.0884,3,reached_exit
1213,138.20,21,1,2.158463,0.0882,1,reached_exit
1214,143.40,18,1,2.027871,0.0880,1,reached_exit
1215,149.70,4,1,2.336905,0.0878,1,reached_exit
1216,-1817.10,500,0,2.242361,0.0876,64,max_steps_exceeded
1217,-2073.90,500,0,2.189211,0.0875,127,max_steps_exceeded
1218,119.60,11,1,2.309534,0.0873,1,reached_exit
1219,-1251.80,500,0,2.136963,0.0871,102,max_steps_exceeded
1220,149.50,6,1,2.173736,0.0869,1,reached_exit
1221,-1316.70,500,0,2.148993,0.0868,100,max_steps_exceeded
1222,-1119.10,300,0,2.134185,0.0866,21,max_steps_exceeded
1223,149.90,2,1,1.742202,0.0864,1,reached_exit
1224,136.40,28,1,2.107522,0.0863,2,reached_exit
1225,140.60,25,1,2.227660,0.0861,1,reached_exit
1226,149.40,7,1,2.062335,0.0859,1,reached_exit
1227,149.30,8,1,1.931272,0.0857,1,reached_exit
1228,148.50,16,1,2.225967,0.0856,2,reached_exit
1229,-1703.50,500,0,2.148752,0.0854,123,max_steps_exceeded
1230,-850.70,200,0,2.093189,0.0852,13,max_steps_exceeded
1231,-688.40,200,0,2.243508,0.0851,9,max_steps_exceeded
1232,149.70,4,1,1.939830,0.0849,1,reached_exit
1233,149.60,5,1,2.318098,0.0847,1,reached_exit
1234,114.40,28,1,2.379311,0.0845,1,reached_exit
1235,132.70,16,1,2.487353,0.0844,3,reached_exit
1236,-1623.30,500,0,2.337715,0.0842,68,max_steps_exceeded
1237,-1301.90,500,0,2.286760,0.0840,79,max_steps_exceeded
1238,144.50,7,1,2.027439,0.0839,1,reached_exit
1239,2.70,89,1,2.190438,0.0837,5,reached_exit
1240,149.80,3,1,2.140599,0.0835,1,reached_exit
1241,49.30,33,1,2.001449,0.0834,1,reached_exit
1242,-2159.70,500,0,2.151785,0.0832,77,max_steps_exceeded
1243,-438.20,253,1,2.014782,0.0830,26,reached_exit
1244,149.30,8,1,2.235002,0.0829,1,reached_exit
1245,149.70,4,1,1.800678,0.0827,1,reached_exit
1246,-576.80,200,0,2.108166,0.0825,7,max_steps_exceeded
1247,48.60,43,1,2.108808,0.0824,1,reached_exit
1248,-1442.30,300,0,2.161373,0.0822,40,max_steps_exceeded
1249,-1458.60,500,0,2.060903,0.0820,109,max_steps_exceeded
1250,139.60,27,1,2.252094,0.0819,1,reached_exit
1251,-1714.40,500,0,2.248277,0.0817,66,max_steps_exceeded
1252,138.70,16,1,2.158871,0.0816,1,reached_exit
1253,148.80,13,1,1.959273,0.0814,3,reached_exit
1254,-1509.50,500,0,2.201560,0.0812,72,max_steps_exceeded
1255,149.10,10,1,2.439878,0.0811,1,reached_exit
1256,149.80,3,1,2.142401,0.0809,1,reached_exit
1257,127.90,35,1,1.959146,0.0807,2,reached_exit
1258,-0.50,115,1,2.170647,0.0806,17,reached_exit
1259,-1354.70,500,0,2.147473,0.0804,104,max_steps_exceeded
1260,149.10,10,1,2.306648,0.0803,1,reached_exit
1261,-1748.10,500,0,2.106643,0.0801,60,max_steps_exceeded
1262,-228.80,131,1,1.981693,0.0799,10,reached_exit
1263,96.40,37,1,2.026707,0.0798,3,reached_exit
1264,-1888.70,500,0,2.088877,0.0796,53,max_steps_exceeded
1265,88.10,32,1,1.954127,0.0795,1,reached_exit
1266,149.80,3,1,2.703065,0.0793,1,reached_exit
1267,-250.90,167,1,2.204886,0.0791,12,reached_exit
1268,60.30,43,1,2.058326,0.0790,5,reached_exit
1269,90.30,28,1,2.091519,0.0788,2,reached_exit
1270,140.70,25,1,2.086902,0.0787,1,reached_exit
1271,83.40,29,1,2.240508,0.0785,2,reached_exit
1272,-1444.80,500,0,2.119163,0.0784,66,max_steps_exceeded
1273,138.30,20,1,2.057142,0.0782,1,reached_exit
1274,88.50,37,1,2.161409,0.0780,3,reached_exit
1275,-409.80,167,1,2.106006,0.0779,16,reached_exit
1276,-1448.10,500,0,2.088291,0.0777,81,max_steps_exceeded
1277,101.80,45,1,1.987215,0.0776,1,reached_exit
1278,144.10,11,1,1.647358,0.0774,1,reached_exit
1279,-1527.30,500,0,2.094071,0.0773,114,max_steps_exceeded
1280,149.80,3,1,1.914835,0.0771,1,reached_exit
1281,-259.40,52,0,2.175821,0.0770,3,hit_fire
1282,149.80,3,1,2.513503,0.0768,1,reached_exit
1283,149.10,10,1,2.144885,0.0766,1,reached_exit
1284,-1594.90,500,0,2.246755,0.0765,42,max_steps_exceeded
1285,-1366.50,500,0,2.188908,0.0763,78,max_steps_exceeded
1286,-285.30,64,0,2.175967,0.0762,11,hit_fire
1287,143.30,18,1,2.187036,0.0760,1,reached_exit
1288,149.70,4,1,2.038804,0.0759,1,reached_exit
1289,148.10,10,1,2.685553,0.0757,1,reached_exit
1290,-1530.00,451,0,2.127781,0.0756,92,hit_fire
1291,143.90,13,1,1.811819,0.0754,1,reached_exit
1292,-572.40,133,0,2.248137,0.0753,28,hit_fire
1293,148.20,19,1,2.001059,0.0751,1,reached_exit
1294,-1892.90,500,0,2.198268,0.0750,63,max_steps_exceeded
1295,144.00,12,1,2.986901,0.0748,1,reached_exit
1296,88.20,21,1,2.009275,0.0747,1,reached_exit
1297,144.60,15,1,2.157446,0.0745,3,reached_exit
1298,-2030.40,500,0,2.146766,0.0744,62,max_steps_exceeded
1299,123.00,31,1,2.152159,0.0742,1,reached_exit
1300,144.30,9,1,2.044337,0.0741,1,reached_exit
1301,129.90,23,1,2.104184,0.0739,1,reached_exit
1302,-1973.50,500,0,2.175027,0.0738,92,max_steps_exceeded
1303,149.30,8,1,2.312921,0.0736,3,reached_exit
1304,149.40,7,1,1.985943,0.0735,2,reached_exit
1305,-1410.80,500,0,2.087531,0.0733,94,max_steps_exceeded
1306,149.90,2,1,2.696663,0.0732,1,reached_exit
1307,126.60,28,1,1.957580,0.0730,3,reached_exit
1308,147.30,8,1,2.143448,0.0729,1,reached_exit
1309,72.60,43,1,2.037721,0.0728,2,reached_exit
1310,150.00,1,1,1.755693,0.0726,1,reached_exit
1311,150.00,1,1,0.910734,0.0725,1,reached_exit
1312,104.00,32,1,2.109902,0.0723,3,reached_exit
1313,-871.00,300,0,2.124529,0.0722,29,max_steps_exceeded
1314,147.50,7,1,2.059635,0.0720,1,reached_exit
1315,148.60,15,1,2.020915,0.0719,1,reached_exit
1316,141.70,15,1,1.949827,0.0717,1,reached_exit
1317,149.50,6,1,2.440236,0.0716,1,reached_exit
1318,149.70,4,1,1.485255,0.0715,1,reached_exit
1319,118.90,45,1,2.005029,0.0713,2,reached_exit
1320,-1140.40,420,0,2.106956,0.0712,44,hit_fire
1321,146.60,15,1,1.806238,0.0710,1,reached_exit
1322,147.30,8,1,2.050528,0.0709,2,reached_exit
1323,149.90,2,1,2.080259,0.0707,1,reached_exit
1324,140.20,10,1,1.982439,0.0706,1,reached_exit
1325,-1396.90,500,0,2.205783,0.0705,102,max_steps_exceeded
1326,-315.50,114,1,2.042276,0.0703,8,reached_exit
1327,134.00,24,1,2.003984,0.0702,1,reached_exit
1328,147.30,9,1,1.948204,0.0700,1,reached_exit
1329,-45.60,62,1,2.079802,0.0699,6,reached_exit
1330,144.40,8,1,1.995724,0.0698,1,reached_exit
1331,149.10,10,1,2.003254,0.0696,1,reached_exit
1332,-779.00,200,0,2.292482,0.0695,12,max_steps_exceeded
1333,142.90,23,1,2.432868,0.0693,3,reached_exit
1334,-1468.10,500,0,2.144296,0.0692,85,max_steps_exceeded
1335,-1581.30,500,0,2.130147,0.0691,73,max_steps_exceeded
1336,-1193.30,457,1,2.096294,0.0689,86,reached_exit
1337,-1941.10,500,0,2.045219,0.0688,65,max_steps_exceeded
1338,142.60,6,1,1.513236,0.0687,1,reached_exit
1339,69.70,39,1,1.971976,0.0685,1,reached_exit
1340,149.40,7,1,1.874337,0.0684,1,reached_exit
1341,146.90,12,1,2.177885,0.0682,2,reached_exit
1342,147.10,20,1,2.099239,0.0681,3,reached_exit
1343,123.70,19,1,2.191531,0.0680,1,reached_exit
1344,149.30,8,1,2.054423,0.0678,1,reached_exit
1345,-61.50,8,0,2.211467,0.0677,1,hit_fire
1346,149.50,6,1,2.185901,0.0676,1,reached_exit
1347,147.90,22,1,2.144235,0.0674,1,reached_exit
1348,-17.00,66,1,2.270334,0.0673,5,reached_exit
1349,146.90,22,1,2.214515,0.0672,1,reached_exit
1350,146.70,24,1,2.263049,0.0670,1,reached_exit
1351,149.30,8,1,1.736774,0.0669,2,reached_exit
1352,-843.20,200,0,2.126630,0.0668,6,max_steps_exceeded
1353,146.60,15,1,1.827390,0.0666,6,reached_exit
1354,149.90,2,1,1.902201,0.0665,1,reached_exit
1355,147.50,16,1,1.869840,0.0664,1,reached_exit
1356,149.30,8,1,1.946078,0.0662,2,reached_exit
1357,145.30,18,1,2.112586,0.0661,1,reached_exit
1358,145.90,22,1,2.081918,0.0660,2,reached_exit
1359,-1536.30,500,0,2.135235,0.0658,69,max_steps_exceeded
1360,149.50,6,1,1.869381,0.0657,1,reached_exit
1361,142.30,29,1,2.092794,0.0656,1,reached_exit
1362,146.10,20,1,2.239459,0.0654,2,reached_exit
1363,-289.10,160,1,2.077684,0.0653,5,reached_exit
1364,149.70,4,1,2.132753,0.0652,1,reached_exit
1365,-1156.90,300,0,2.119269,0.0650,27,max_steps_exceeded
1366,101.30,29,1,2.206391,0.0649,1,reached_exit
1367,149.50,6,1,2.263251,0.0648,1,reached_exit
1368,-1636.30,500,0,2.120979,0.0647,80,max_steps_exceeded
1369,-1488.10,500,0,2.024477,0.0645,72,max_steps_exceeded
1370,149.20,9,1,1.959096,0.0644,1,reached_exit
1371,142.30,18,1,2.195401,0.0643,1,reached_exit
1372,-159.50,38,0,2.061683,0.0641,3,hit_fire
1373,135.10,32,1,2.151638,0.0640,3,reached_exit
1374,74.40,45,1,1.999321,0.0639,2,reached_exit
1375,-2141.50,500,0,2.167264,0.0638,67,max_steps_exceeded
1376,149.30,8,1,2.308349,0.0636,1,reached_exit
1377,145.90,23,1,2.069959,0.0635,1,reached_exit
1378,128.80,33,1,2.189304,0.0634,2,reached_exit
1379,149.40,7,1,1.895073,0.0632,1,reached_exit
1380,149.70,4,1,2.098510,0.0631,1,reached_exit
1381,-1167.00,411,1,2.337018,0.0630,67,reached_exit
1382,-2373.00,500,0,2.225673,0.0629,79,max_steps_exceeded
1383,-1039.00,311,1,2.178020,0.0627,55,reached_exit
1384,-1005.00,371,1,2.118282,0.0626,64,reached_exit
1385,138.70,27,1,2.220721,0.0625,5,reached_exit
1386,149.80,3,1,1.372831,0.0624,1,reached_exit
1387,-1812.50,500,0,2.146403,0.0622,87,max_steps_exceeded
1388,-1312.80,429,0,2.169418,0.0621,58,hit_fire
1389,-1354.90,300,0,2.123940,0.0620,26,max_steps_exceeded
1390,-2203.50,489,0,2.113756,0.0619,87,hit_fire
1391,149.90,2,1,2.110932,0.0617,1,reached_exit
1392,140.10,13,1,2.326864,0.0616,1,reached_exit
1393,-166.50,119,1,2.239522,0.0615,8,reached_exit
1394,-1545.10,500,0,2.157338,0.0614,53,max_steps_exceeded
1395,144.70,34,1,2.026096,0.0612,6,reached_exit
1396,145.00,2,1,2.887186,0.0611,1,reached_exit
1397,-1267.50,357,0,2.075393,0.0610,67,hit_fire
1398,-433.20,80,0,2.282520,0.0609,14,hit_fire
1399,149.60,5,1,2.405914,0.0608,1,reached_exit
1400,135.80,25,1,2.046867,0.0606,1,reached_exit
1401,144.60,6,1,2.152926,0.0605,1,reached_exit
1402,-1163.40,452,0,2.078771,0.0604,96,hit_fire
1403,144.30,9,1,2.152924,0.0603,1,reached_exit
1404,149.80,3,1,2.365640,0.0602,1,reached_exit
1405,149.40,7,1,2.591411,0.0600,3,reached_exit
1406,149.30,8,1,2.097801,0.0599,1,reached_exit
1407,149.30,8,1,2.459750,0.0598,2,reached_exit
1408,-1963.00,500,0,2.063578,0.0597,49,max_steps_exceeded
1409,-1626.90,500,0,2.045569,0.0596,96,max_steps_exceeded
1410,-1006.20,300,0,1.990760,0.0594,34,max_steps_exceeded
1411,-962.40,200,0,2.104951,0.0593,13,max_steps_exceeded
1412,146.70,14,1,1.971649,0.0592,1,reached_exit
1413,149.60,5,1,2.286376,0.0591,1,reached_exit
1414,-1241.40,500,0,2.099045,0.0590,102,max_steps_exceeded
1415,-1588.60,500,0,2.033019,0.0588,87,max_steps_exceeded
1416,149.20,9,1,1.896662,0.0587,1,reached_exit
1417,-46.30,79,1,1.975851,0.0586,1,reached_exit
1418,137.80,24,1,2.019604,0.0585,2,reached_exit
1419,140.80,13,1,1.877923,0.0584,2,reached_exit
1420,150.00,1,1,1.322395,0.0583,1,reached_exit
1421,145.00,12,1,2.155509,0.0581,1,reached_exit
1422,-361.30,91,0,2.038636,0.0580,6,hit_fire
1423,149.80,3,1,2.665080,0.0579,1,reached_exit
1424,-416.80,153,0,1.972957,0.0578,16,hit_fire
1425,147.10,10,1,1.710003,0.0577,2,reached_exit
1426,-1051.60,268,0,2.013862,0.0576,30,hit_fire
1427,-67.40,68,1,2.172486,0.0574,2,reached_exit
1428,149.60,5,1,1.912721,0.0573,1,reached_exit
1429,149.60,5,1,1.475250,0.0572,1,reached_exit
1430,149.70,4,1,1.660124,0.0571,1,reached_exit
1431,149.50,6,1,1.596994,0.0570,1,reached_exit
1432,149.50,6,1,2.131569,0.0569,1,reached_exit
1433,-1988.50,500,0,2.042028,0.0568,30,max_steps_exceeded
1434,-936.10,300,0,1.989564,0.0566,24,max_steps_exceeded
1435,-476.20,210,0,1.937823,0.0565,27,hit_fire
1436,149.00,11,1,2.042953,0.0564,3,reached_exit
1437,149.40,7,1,1.797962,0.0563,1,reached_exit
1438,-1457.20,500,0,1.946164,0.0562,89,max_steps_exceeded
1439,149.60,5,1,2.097384,0.0561,2,reached_exit
1440,-625.20,317,1,1.900713,0.0560,53,reached_exit
1441,149.40,7,1,1.974653,0.0559,1,reached_exit
1442,126.40,18,1,2.070050,0.0557,2,reached_exit
1443,83.90,35,1,1.862264,0.0556,3,reached_exit
1444,149.20,9,1,2.278158,0.0555,3,reached_exit
1445,-572.40,199,0,2.029341,0.0554,37,hit_fire
1446,149.50,6,1,1.749408,0.0553,1,reached_exit
1447,142.10,21,1,1.814642,0.0552,1,reached_exit
1448,56.90,30,1,1.914070,0.0551,1,reached_exit
1449,144.00,12,1,1.804819,0.0550,2,reached_exit
1450,-30.50,181,1,1.974136,0.0549,19,reached_exit
1451,149.40,7,1,2.097418,0.0548,1,reached_exit
1452,138.90,14,1,2.136936,0.0546,3,reached_exit
1453,-702.30,216,1,2.040752,0.0545,19,reached_exit
1454,-1718.50,500,0,2.020160,0.0544,90,max_steps_exceeded
1455,149.60,5,1,1.825788,0.0543,2,reached_exit
1456,-884.10,409,1,1.999839,0.0542,92,reached_exit
1457,149.50,6,1,2.092622,0.0541,1,reached_exit
1458,148.60,15,1,2.126538,0.0540,1,reached_exit
1459,149.20,9,1,1.920343,0.0539,1,reached_exit
1460,139.10,20,1,1.919548,0.0538,2,reached_exit
1461,140.40,10,1,2.058867,0.0537,3,reached_exit
1462,144.40,8,1,1.958691,0.0536,2,reached_exit
1463,150.00,1,1,2.518440,0.0535,1,reached_exit
1464,138.90,14,1,2.210823,0.0533,1,reached_exit
1465,137.40,18,1,2.133327,0.0532,2,reached_exit
1466,-241.30,115,1,2.095934,0.0531,7,reached_exit
1467,-496.60,179,1,1.996096,0.0530,7,reached_exit
1468,-1526.90,500,0,1.932906,0.0529,91,max_steps_exceeded
1469,145.90,22,1,1.962535,0.0528,3,reached_exit
1470,135.60,7,1,1.919067,0.0527,1,reached_exit
1471,139.20,12,1,2.162852,0.0526,1,reached_exit
1472,148.20,19,1,1.850661,0.0525,1,reached_exit
1473,27.80,57,1,2.041625,0.0524,2,reached_exit
1474,-1624.80,500,0,2.043475,0.0523,60,max_steps_exceeded
1475,136.50,19,1,2.071328,0.0522,1,reached_exit
1476,149.20,9,1,1.904697,0.0521,1,reached_exit
1477,133.70,17,1,1.835044,0.0520,1,reached_exit
1478,0.90,51,1,2.123362,0.0519,9,reached_exit
1479,149.10,10,1,1.793357,0.0518,2,reached_exit
1480,149.70,4,1,1.676392,0.0517,1,reached_exit
1481,146.70,14,1,1.844732,0.0516,1,reached_exit
1482,149.30,8,1,2.130474,0.0515,1,reached_exit
1483,143.30,19,1,1.902122,0.0514,3,reached_exit
1484,150.00,1,1,1.538006,0.0513,1,reached_exit
1485,133.60,18,1,2.243320,0.0512,2,reached_exit
1486,148.90,12,1,1.891043,0.0510,3,reached_exit
1487,148.70,14,1,2.005175,0.0509,2,reached_exit
1488,149.00,11,1,2.173159,0.0508,1,reached_exit
1489,149.20,9,1,2.239157,0.0507,1,reached_exit
1490,143.10,21,1,2.108695,0.0506,1,reached_exit
1491,149.30,8,1,2.154707,0.0505,3,reached_exit
1492,139.20,11,1,2.051907,0.0504,2,reached_exit
1493,-713.20,200,0,2.002442,0.0503,4,max_steps_exceeded
1494,149.40,7,1,1.908922,0.0502,1,reached_exit
1495,149.40,7,1,2.149066,0.0501,1,reached_exit
1496,-50.40,5,0,2.379299,0.0500,3,hit_fire
1497,148.40,17,1,2.644929,0.0499,1,reached_exit
1498,149.20,9,1,1.990618,0.0498,2,reached_exit
1499,148.40,17,1,2.044472,0.0497,1,reached_exit
1500,-1065.00,300,0,2.134544,0.0496,25,max_steps_exceeded
